source_id,slug
9c9e55de-fe46-11e5-86aa-5e5517507c66,little-ants-big-plan
9c9e596c-fe46-11e5-86aa-5e5517507c66,sindiwe-and-the-fireflies
9c9e5f48-fe46-11e5-86aa-5e5517507c66,why-is-nita-upside-down
9c9e6196-fe46-11e5-86aa-5e5517507c66,miss-helens-magical-world
9c9e62ea-fe46-11e5-86aa-5e5517507c66,singing-the-truth
9c9e640c-fe46-11e5-86aa-5e5517507c66,queen-of-soweto
9c9e6524-fe46-11e5-86aa-5e5517507c66,grandpas-gold
9c9e663c-fe46-11e5-86aa-5e5517507c66,together-were-strong
9c9e6754-fe46-11e5-86aa-5e5517507c66,a-fish-and-a-gift
9c9e6d12-fe46-11e5-86aa-5e5517507c66,zanele-situ-my-story
9c9e6e52-fe46-11e5-86aa-5e5517507c66,rafikis-style
9c9e6f9c-fe46-11e5-86aa-5e5517507c66,tortoise-finds-his-home
9c9e71cc-fe46-11e5-86aa-5e5517507c66,gracas-dream
9c9e72e4-fe46-11e5-86aa-5e5517507c66,a-house-for-mouse
9c9e76ea-fe46-11e5-86aa-5e5517507c66,searching-for-the-spirit-of-spring
9c9e7820-fe46-11e5-86aa-5e5517507c66,come-back-cat
9c9e7a6e-fe46-11e5-86aa-5e5517507c66,a-tiny-seed
9c9e7b9a-fe46-11e5-86aa-5e5517507c66,amazing-daisy
9c9e7cb2-fe46-11e5-86aa-5e5517507c66,sleepy-mr-sloth
9c9e7dca-fe46-11e5-86aa-5e5517507c66,maddy-moona
9c9e819e-fe46-11e5-86aa-5e5517507c66,how-about-you
9c9e83b0-fe46-11e5-86aa-5e5517507c66,lory-dory
9c9e8586-fe46-11e5-86aa-5e5517507c66,a-dancers-tale
9c9e86da-fe46-11e5-86aa-5e5517507c66,bathtub-safari
9c9e87f2-fe46-11e5-86aa-5e5517507c66,sizwes-smile
9c9e8c0c-fe46-11e5-86aa-5e5517507c66,is-there-anyone-like-me
9c9e9102-fe46-11e5-86aa-5e5517507c66,walking-together
9c9e9396-fe46-11e5-86aa-5e5517507c66,i-will-help-you
9c9e94e0-fe46-11e5-86aa-5e5517507c66,a-beautiful-day
9c9e96ac-fe46-11e5-86aa-5e5517507c66,londi-the-dreaming-girl
9c9e9e5e-fe46-11e5-86aa-5e5517507c66,karabos-question
9c9e9fc6-fe46-11e5-86aa-5e5517507c66,sbus-special-shoes
9c9ea21e-fe46-11e5-86aa-5e5517507c66,sindi-and-the-moon
9c9ea48a-fe46-11e5-86aa-5e5517507c66,there-must-be-a-rainbow
9c9ea96c-fe46-11e5-86aa-5e5517507c66,sima-and-siza
9c9eb2cc-fe46-11e5-86aa-5e5517507c66,whose-button-is-this
9c9eb68c-fe46-11e5-86aa-5e5517507c66,thatos-birthday-surprise
9c9f3292-fe46-11e5-86aa-5e5517507c66,what-if
9c9f566e-fe46-11e5-86aa-5e5517507c66,lara-the-yellow-ladybird
