slug,book_id,title,page_rows,audio_pages,empty_pages,body_chars,cover_chars,billable_chars,usd_neural_x2,usd_longform_x2,key_prefix,entity_pages,ctrl_pages,page_index_missing,flags
best-friends,675f14ab-3ae0-43ce-8fac-29b739e91f9f,Best Friends,14,12,2,1191,42,1233,0.0395,0.2466,book_dash-best-friends/danielle,,,,
brave-bora,0d8e6037-07b1-49ed-ab89-354d76828f59,Brave Bora,14,12,2,1159,35,1194,0.0382,0.2388,book_dash-brave-bora/danielle,,,,
circles,e94ddaa4-9c99-43ea-bc20-591579b05a9a,Circles,14,12,2,1889,33,1922,0.0615,0.3844,book_dash-circles/danielle,,,,
clever-pig,fae0aa5d-ff86-4eb2-9309-72768b0323d3,Clever Pig,14,12,2,333,39,372,0.0119,0.0744,book_dash-clever-pig/danielle,,,,
come-stay-with-me,8a48de8f-ad59-448a-b18f-f15e36ed5a54,Come stay with me,14,11,3,510,43,553,0.0177,0.1106,book_dash-come-stay-with-me/danielle,,,,
dance-khuzwayo-dance,0ccaf56f-82f8-493d-824e-3411c5f1d361,"Dance, Khuzwayo, dance!",14,11,3,993,57,1050,0.0336,0.2100,book_dash-dance-khuzwayo-dance/danielle,,,,
dance-mihlali,cdd9d224-fe05-4f19-8b91-e1517bfb8e76,"Dance, Mihlali!",14,12,2,860,42,902,0.0289,0.1804,book_dash-dance-mihlali/danielle,,,,
dudus-hat,d89a1df3-ea6a-48c8-b269-00495aecd2d9,Dudu’s Hat,14,11,3,1779,38,1817,0.0581,0.3634,book_dash-dudus-hat/danielle,,,,
egg,c478f548-1cfd-4ab3-8477-24e4c0abc278,Egg,14,11,3,90,31,121,0.0039,0.0242,book_dash-egg/danielle,,,,VERY_SHORT_PAGES
feathered-friends,2ba62d91-9022-4378-a8a9-5bc4f62ab718,Feathered Friends,14,8,6,991,35,1026,0.0328,0.2052,book_dash-feathered-friends/danielle,,,,
fifi-and-teddy,deee2409-10d2-4280-891c-2cbba9c7d204,Fifi and Teddy,14,9,5,421,42,463,0.0148,0.0926,book_dash-fifi-and-teddy/danielle,,,,
foxy-joxy-plays-a-trick,e6fc9794-5ba4-4aa0-b157-1c1ff1d7212a,Foxy Joxy Plays a Trick,14,12,2,869,50,919,0.0294,0.1838,book_dash-foxy-joxy-plays-a-trick/danielle,,,,
going-places,9f6ae9f9-8564-485d-95ba-bd967667d225,Going Places,14,11,3,747,38,785,0.0251,0.1570,book_dash-going-places/danielle,,,,
grandpa-farouks-garden,8cc7bf10-8e4f-4914-9747-a7ecc9b33d16,Grandpa Farouk’s Garden,14,12,2,1223,50,1273,0.0407,0.2546,book_dash-grandpa-farouks-garden/danielle,,,,
grumpy-cloud,02e065ba-f680-4f4e-b893-969c6eed9086,Grumpy Cloud,14,12,2,853,46,899,0.0288,0.1798,book_dash-grumpy-cloud/danielle,,,,
hello,952a8b40-7487-4259-9d4e-f2c093dff525,Hello,14,14,0,938,32,970,0.0310,0.1940,book_dash-hello/danielle,,,,
hello-baby,79c9051e-7b0b-460c-8195-74db2c2b11ae,"Hello, baby!",14,14,0,221,40,261,0.0084,0.0522,book_dash-hello-baby/danielle,,,,
how-do-you-want-your-eggs,c00bcc44-4c53-4972-a7a3-15c81082281d,How do you want your eggs?,14,11,3,324,54,378,0.0121,0.0756,book_dash-how-do-you-want-your-eggs/danielle,,,,
how-to-tame-a-monster,4bfa8594-c4a7-417e-ab73-b6d29c6e1cf6,How to Tame a Monster,14,12,2,772,52,824,0.0264,0.1648,book_dash-how-to-tame-a-monster/danielle,,,,
i-dont-want-to-go-to-sleep,e14becde-06a8-4128-9012-3c40a321de7b,I don’t want to go to sleep!,14,12,2,1161,56,1217,0.0389,0.2434,book_dash-i-dont-want-to-go-to-sleep/danielle,,,,
i-hate-winter,ff4d992b-714d-49b1-9544-d3aed26b8c4f,I Hate Winter,14,12,2,1106,45,1151,0.0368,0.2302,book_dash-i-hate-winter/danielle,,,,
i-want-to,ef386159-4d22-4c8e-b3d6-21101c495883,I want to!,14,12,2,178,34,212,0.0068,0.0424,book_dash-i-want-to/danielle,,,,VERY_SHORT_PAGES
im-the-colour-of-honey,39064281-ce25-4914-8354-a44a36e4cb9c,I’m the Colour of Honey,14,13,1,1494,52,1546,0.0495,0.3092,book_dash-im-the-colour-of-honey/danielle,,,,
its-my-birthday,82bd3216-5d7e-4b83-b573-b76f8eb7bc8a,It’s my birthday!,14,12,2,1512,50,1562,0.0500,0.3124,book_dash-its-my-birthday/danielle,,,,
its-my-book,eeb6be8c-658b-456a-86ce-670d5fba336f,It’s MY book!,14,11,3,638,43,681,0.0218,0.1362,book_dash-its-my-book/danielle,,,,
joannas-grannies,9692bc19-d074-4e6c-99b9-ce9a4033332b,Joanna’s Grannies,14,12,2,212,43,255,0.0082,0.0510,book_dash-joannas-grannies/danielle,,,,
jock-and-me,ebca5f20-33c0-4245-81ea-362f0463b11e,Jock and Me,14,12,2,397,40,437,0.0140,0.0874,book_dash-jock-and-me/danielle,,,,
julia-loves-books,321a0c70-bd69-4b8b-9535-f801bf6064d8,Julia Loves Books,14,12,2,424,45,469,0.0150,0.0938,book_dash-julia-loves-books/danielle,,,,
just-like-me,c63d4975-b5e2-4da4-b6c8-171029d29142,Just Like Me,14,13,1,1060,38,1098,0.0351,0.2196,book_dash-just-like-me/danielle,,,,
knight-times,f50cd955-b36f-469e-8239-e30ff007a629,Knight Times,14,8,6,221,40,261,0.0084,0.0522,book_dash-knight-times/danielle,,,,
lebo-and-gogos-tea-party,cf3733f9-5fb2-410a-90a8-2322e25ae2f3,Lebo and Gogo’s Tea Party,14,11,3,1512,56,1568,0.0502,0.3136,book_dash-lebo-and-gogos-tea-party/danielle,,,,
lesedis-sandbox,ea4fb741-e0c3-4b6c-85c2-a03fe45fa5eb,Lesedi’s Sandbox,14,12,2,1179,46,1225,0.0392,0.2450,book_dash-lesedis-sandbox/danielle,,,,
lets-be-friends,a8aa157b-cbd6-4e85-bdec-2fca0a8f0671,Let’s be Friends,14,11,3,317,43,360,0.0115,0.0720,book_dash-lets-be-friends/danielle,,,,
lets-go-on-a-litter-hunt,b7875ced-ca14-4fd8-bb71-3f6547cf90d9,Let’s go on a litter hunt,14,12,2,1259,48,1307,0.0418,0.2614,book_dash-lets-go-on-a-litter-hunt/danielle,,,,
lets-have-an-inside-day,1e1993d1-19a6-4af8-91a9-991deef5de7e,Let’s have an inside day!,14,12,2,413,54,467,0.0149,0.0934,book_dash-lets-have-an-inside-day/danielle,,,,
lets-party,33b3de0c-a6b3-4bce-90f7-cc626cf39ee6,Let’s Party!,14,12,2,873,41,914,0.0292,0.1828,book_dash-lets-party/danielle,,,,
lions-are-always-brave,06e08fb3-bc8c-47cf-8807-2d135239e564,Lions are Always Brave,14,9,5,262,49,311,0.0100,0.0622,book_dash-lions-are-always-brave/danielle,,,,
little-shoots,21ad89dc-008f-443e-933b-4f40715c97ba,Little Shoots,14,8,6,525,39,564,0.0180,0.1128,book_dash-little-shoots/danielle,,,,
lonwabos-recipes,7a37a7bd-e03b-4b23-869e-1beacce85e14,Lonwabo’s Recipes,14,10,4,1629,45,1674,0.0536,0.3348,book_dash-lonwabos-recipes/danielle,,,,
look-out-luthando,4fd1c428-bf99-47b0-9da0-26161c91cd4c,"Look out, Luthando!",14,12,2,1571,48,1619,0.0518,0.3238,book_dash-look-out-luthando/danielle,,,,
malis-friend,646e6788-bbb4-407b-8af3-451111a22f67,Mali’s Friend,14,12,2,1475,38,1513,0.0484,0.3026,book_dash-malis-friend/danielle,,,,
mama-antelopes-house,dd878e8a-92a0-4af7-ae23-7478af4907f3,Mama Antelope’s House,14,12,2,1204,51,1255,0.0402,0.2510,book_dash-mama-antelopes-house/danielle,,,,
mama-whats-for-lunch,f9612e10-529d-4d3f-a1a3-81b6ccb07df9,"Mama, What’s For Lunch?",14,12,2,1255,52,1307,0.0418,0.2614,book_dash-mama-whats-for-lunch/danielle,,,,
matthew-is-up,0c079336-712e-4987-ab02-874582d81320,Matthew is up!,14,12,2,1029,41,1070,0.0342,0.2140,book_dash-matthew-is-up/danielle,,,,
mazi-learns-to-play,8ebde654-78c9-48f0-b838-07fb55ce6039,Mazi Learns to Play!,14,12,2,1513,50,1563,0.0500,0.3126,book_dash-mazi-learns-to-play/danielle,,,,
meerkat-magic,dc9f99e8-5bc9-4d9b-843e-94c033b274a2,Meerkat magic,14,10,4,330,43,373,0.0119,0.0746,book_dash-meerkat-magic/danielle,,,,
mina-and-the-birthday-dress,58ef7e66-a5c9-465f-88ac-45a7e85b7d3c,Mina and the Birthday Dress,14,11,3,660,62,722,0.0231,0.1444,book_dash-mina-and-the-birthday-dress/danielle,,,,
miss-tiny-chef,ccfcf333-3374-4e96-805b-045098c0512e,Miss Tiny Chef,14,12,2,1608,40,1648,0.0527,0.3296,book_dash-miss-tiny-chef/danielle,,,,
moms-hands,a1e616ec-d4e1-46d0-b7d9-8310690ea0d9,Mom’s hands,14,12,2,791,44,835,0.0267,0.1670,book_dash-moms-hands/danielle,,,,
moms-red-coat,04ce47dd-8cea-44a5-a997-f4d0b4998237,Mom’s Red Coat,14,12,2,1434,47,1481,0.0474,0.2962,book_dash-moms-red-coat/danielle,,,,
mud,0c2d62fa-054c-4f3a-901a-86eb4933fab1,MUD!,14,12,2,820,33,853,0.0273,0.1706,book_dash-mud/danielle,,,,
my-inside-weather,ee660f2e-0675-4fd1-b388-00209b145792,My inside weather,14,12,2,975,41,1016,0.0325,0.2032,book_dash-my-inside-weather/danielle,,,,
my-special-blankie,25a52916-d5b1-44d4-a49f-0f85b0bf3cb9,My Special Blankie,14,12,2,575,45,620,0.0198,0.1240,book_dash-my-special-blankie/danielle,,,,
my-special-hair,4ff40f77-b4ce-4552-b0b3-9fe74e76e244,My Special Hair,14,12,2,1427,45,1472,0.0471,0.2944,book_dash-my-special-hair/danielle,,,,
no,85be29e8-596c-44a1-8e74-73a6af0e875b,No!,14,12,2,371,32,403,0.0129,0.0806,book_dash-no/danielle,,,,
nomvundla-and-the-chilli-eating-contest,270a5e05-200e-4598-805e-e0cb00ab008b,Nomvundla and the Chilli-Eating Contest,14,11,3,1022,71,1093,0.0350,0.2186,book_dash-nomvundla-and-the-chilli-eating-contest/danielle,,,,
o-rain-come,da1d32b6-453a-4d14-9cc1-e808fb1b9589,O Rain Come,14,12,2,1090,45,1135,0.0363,0.2270,book_dash-o-rain-come/danielle,,,,
open-the-door,e6c3306f-4eb7-4b20-94fd-619e105663bb,Open the door,14,12,2,1117,37,1154,0.0369,0.2308,book_dash-open-the-door/danielle,,,,
oumas-amazing-flowers,e463c3ac-3cf0-4cb9-9ede-417a37416e2b,Ouma’s amazing flowers,14,12,2,870,48,918,0.0294,0.1836,book_dash-oumas-amazing-flowers/danielle,,,,
oyisa-and-the-giant-tree,989a3651-4962-4778-98fd-3ed0f7212196,Oyisa and the Giant Tree,14,12,2,1006,56,1062,0.0340,0.2124,book_dash-oyisa-and-the-giant-tree/danielle,,,,
palesa-can-walk,b25fb7e8-758e-43d1-a21c-a7706ea87cb5,Palesa Can Walk!,14,12,2,880,44,924,0.0296,0.1848,book_dash-palesa-can-walk/danielle,,,,
sams-treasures,f29ebe59-7cb1-4e09-b660-59ba34052d71,Sam’s Treasures,14,12,2,840,38,878,0.0281,0.1756,book_dash-sams-treasures/danielle,,,,
scared-tumi,ae24c5e9-4f8c-4904-b478-3b85e7673dfb,Scared Tumi,14,12,2,637,39,676,0.0216,0.1352,book_dash-scared-tumi/danielle,,,,
senzo-and-the-sun,b3267fb9-30d5-497d-ba6d-a52a3d62df55,Senzo and the Sun,14,12,2,1273,45,1318,0.0422,0.2636,book_dash-senzo-and-the-sun/danielle,,,,
shaka-and-mazi,34e86105-9245-4272-b0e2-102073bcc90d,Shaka and Mazi,14,12,2,977,43,1020,0.0326,0.2040,book_dash-shaka-and-mazi/danielle,,,,
sing-to-me,aded2fa2-1716-4f57-965b-dfcee31e087c,Sing to me,14,12,2,315,36,351,0.0112,0.0702,book_dash-sing-to-me/danielle,,,,
small-birds-big-adventure,aa1ec813-f9b6-4eda-a28d-2b9d3517f191,Small Bird’s Big Adventure,14,11,3,1191,52,1243,0.0398,0.2486,book_dash-small-birds-big-adventure/danielle,,,,
tata-comes-home,c13407b2-b220-488e-a3dc-7d46173105a8,Tata comes home,14,12,2,1219,43,1262,0.0404,0.2524,book_dash-tata-comes-home/danielle,,,,
thats-not-thabi-thats-a-hippopotamus,207297a6-6e36-4e83-9537-45a3e8a93e51,"That’s not Thabi, That’s a hippopotamus",14,12,2,618,62,680,0.0218,0.1360,book_dash-thats-not-thabi-thats-a-hippopotamus/danielle,,,,
the-best-nest,52c0a717-7afc-41cc-9a3e-b947f0f1c376,The Best Nest,14,12,2,805,41,846,0.0271,0.1692,book_dash-the-best-nest/danielle,,,,
the-biscuit-jar-must-fall,a7ff7bdf-e978-470e-ac78-e0ffa83604b5,The Biscuit Jar Must Fall,14,12,2,1560,53,1613,0.0516,0.3226,book_dash-the-biscuit-jar-must-fall/danielle,,,,
the-bounce,9df15a40-aa70-4ec3-b09d-8eb5d04e8f45,The Bounce,14,12,2,1862,39,1901,0.0608,0.3802,book_dash-the-bounce/danielle,,,,
the-boy-who-only-ate-pancakes,dcbad58f-1046-4179-a31e-ae3f26138403,The boy who only ate pancakes,14,13,1,1663,61,1724,0.0552,0.3448,book_dash-the-boy-who-only-ate-pancakes/danielle,,,,
the-cottonwool-doctor,e756b90f-d042-4264-b5d1-137b29e65ce2,The Cottonwool Doctor,14,12,2,4340,52,4392,0.1405,0.8784,book_dash-the-cottonwool-doctor/danielle,,,,
the-dream-pillow,2fed7f86-fe8a-431e-ae5c-a036f0db2a8c,The Dream Pillow,14,11,3,1128,42,1170,0.0374,0.2340,book_dash-the-dream-pillow/danielle,,,,
the-fish-and-chickens-wedding,b1a896ae-fc14-4f6c-985a-68168dd08158,The fish and chicken’s wedding,14,12,2,3802,59,3861,0.1236,0.7722,book_dash-the-fish-and-chickens-wedding/danielle,,,,
the-fish-that-couldnt-swim,d4c5c03a-705f-47fc-98a0-1f13f44f0ea4,The fish that couldn’t swim,14,10,4,601,54,655,0.0210,0.1310,book_dash-the-fish-that-couldnt-swim/danielle,,,,
the-great-cake-contest,904cd110-5298-4446-aed4-547f4831055a,The Great Cake Contest,14,13,1,1398,52,1450,0.0464,0.2900,book_dash-the-great-cake-contest/danielle,,,,
the-great-tidy-up,ae2b49f2-5d52-4311-95d6-c6e283496512,The Great Tidy Up,14,12,2,720,47,767,0.0245,0.1534,book_dash-the-great-tidy-up/danielle,,,,
the-lazy-ant,50a0f5a0-5dfb-41b3-ab01-52be21065715,The Lazy Ant,14,12,2,1512,40,1552,0.0497,0.3104,book_dash-the-lazy-ant/danielle,,,,
the-lost-laugh,8a518fc9-1b37-431b-bf79-a5c21189e024,The lost laugh,14,12,2,1069,42,1111,0.0356,0.2222,book_dash-the-lost-laugh/danielle,,,,
the-memory-tree,e984ebc3-2368-4dbc-bf37-13e0f5136ed0,The Memory Tree,14,12,2,2089,46,2135,0.0683,0.4270,book_dash-the-memory-tree/danielle,,,,
the-new-road,8cc51dc0-1fda-4dec-b0e1-93f760d0eb74,The New Road,14,12,2,826,46,872,0.0279,0.1744,book_dash-the-new-road/danielle,,,,
the-one-in-the-middle,ece4f0a3-1c19-49e3-9f52-293eda4d3db8,The one in the middle,14,10,4,619,48,667,0.0213,0.1334,book_dash-the-one-in-the-middle/danielle,,,,
the-pumpkin-chase,e690a21d-5621-4dbc-b694-c9efdc5f0fe7,The Pumpkin Chase,14,12,2,1414,50,1464,0.0468,0.2928,book_dash-the-pumpkin-chase/danielle,,,,
the-sausage-dog,11887931-a36f-48c9-bc07-1438623e6f98,The Sausage Dog,14,12,2,815,43,858,0.0275,0.1716,book_dash-the-sausage-dog/danielle,,,,
the-sea,2b6a3b0b-6ecd-40d0-b241-eb41133a1e68,The Sea,14,11,3,736,36,772,0.0247,0.1544,book_dash-the-sea/danielle,,,,
the-things-that-really-matter,5b88b6d5-c277-4fd6-a518-1a825a983a77,The Things That Really Matter,14,12,2,1316,59,1375,0.0440,0.2750,book_dash-the-things-that-really-matter/danielle,,,,
the-three-doof-doofs,31d419ad-5f5c-4d42-af0c-12bf16924ab9,The 3 Doof-Doofs,14,12,2,1537,43,1580,0.0506,0.3160,book_dash-the-three-doof-doofs/danielle,,,,
the-very-tired-lioness,84076564-1af7-4fb0-b188-0fdd6f630302,The Very Tired Lioness,14,12,2,1368,52,1420,0.0454,0.2840,book_dash-the-very-tired-lioness/danielle,,,,
the-window-seat,6315610e-3b18-4df1-92d7-5de9dac8b5d1,The Window Seat,14,12,2,972,44,1016,0.0325,0.2032,book_dash-the-window-seat/danielle,,,,
thuli-special-and-the-secret,cfaf9c90-2a76-48f4-a5ac-33209e60c2ca,"Thuli, Special and the Secret",14,12,2,1557,58,1615,0.0517,0.3230,book_dash-thuli-special-and-the-secret/danielle,,,,
tigs-world,23be23bb-1493-4967-99c0-a52618a85507,Tig’s World,14,12,2,930,35,965,0.0309,0.1930,book_dash-tigs-world/danielle,,,,
tikky-boom-tish,d66510fc-0cef-4a91-bf52-696a4ebb1ff4,Tikky! Boom! Tish!,14,9,5,404,42,446,0.0143,0.0892,book_dash-tikky-boom-tish/danielle,,,,
tlotlegos-tea-party,378a12c8-9bc1-4c14-a69c-590fb3f7e3dd,Tlotlego’s Tea Party,14,12,2,1996,48,2044,0.0654,0.4088,book_dash-tlotlegos-tea-party/danielle,,,,
tones-big-drop,6db82984-8673-4b0f-aafb-662c40a71398,Tone’s Big Drop,14,11,3,1545,40,1585,0.0507,0.3170,book_dash-tones-big-drop/danielle,,,,
tumi-goes-to-the-park,2cd15b61-2bc1-42a6-94b5-5934eb13b7ea,Tumi Goes to the Park,14,11,3,654,48,702,0.0225,0.1404,book_dash-tumi-goes-to-the-park/danielle,,,,
unathi-and-the-dirty-smelly-beast,1f83e53f-4e0a-4231-a7cb-be3465112259,"Unathi and the Dirty, Smelly Beast",14,12,2,629,57,686,0.0220,0.1372,book_dash-unathi-and-the-dirty-smelly-beast/danielle,,,,
whats-at-the-park,a24e67e9-c998-4ce6-bddb-1d386f6487fb,What’s at the Park?,14,12,2,989,43,1032,0.0330,0.2064,book_dash-whats-at-the-park/danielle,,,,
whats-in-the-pot,8836449c-5cca-4557-b277-c1897f86d63b,What’s In The Pot?,14,12,2,1239,46,1285,0.0411,0.2570,book_dash-whats-in-the-pot/danielle,,,,
whats-next,3f9d5f51-da93-4570-ad12-7c223ccbbe6f,What’s next?,14,11,3,849,44,893,0.0286,0.1786,book_dash-whats-next/danielle,,,,
where-is-thabo,58c13abe-45f7-4be1-acad-a0cd9d0927af,Where is Thabo?,14,12,2,531,42,573,0.0183,0.1146,book_dash-where-is-thabo/danielle,,,,
who-takes-the-train,9ede91dd-587d-4d6c-b141-7a638ede2ad8,Who takes the train?,14,12,2,872,46,918,0.0294,0.1836,book_dash-who-takes-the-train/danielle,,,,
who-took-my-shoe,98ca0d4c-b65a-4e81-b674-306c7c83355a,Who Took My Shoe?,14,11,3,1221,43,1264,0.0404,0.2528,book_dash-who-took-my-shoe/danielle,,,,
whos-that-baby,2124c60b-0b1a-4af1-8514-c7dae96460e1,Who’s that baby?,14,13,1,330,45,375,0.0120,0.0750,book_dash-whos-that-baby/danielle,,,,
whose-shoe-is-this,11e426a8-9b20-4941-9b5d-434e97292348,Whose shoe is this?,14,8,6,551,54,605,0.0194,0.1210,book_dash-whose-shoe-is-this/danielle,,,,
why-birds-sing-at-dawn,3f484e6d-a4dc-4649-9140-5b9db3e892b8,Why Birds Sing at Dawn,14,12,2,1121,50,1171,0.0375,0.2342,book_dash-why-birds-sing-at-dawn/danielle,,,,
why-is-there-a-hole-in-the-wall,5cd34a8a-cbdb-4d67-bb1d-590433a5860b,Why is there a hole in the wall?,14,12,2,1089,59,1148,0.0367,0.2296,book_dash-why-is-there-a-hole-in-the-wall/danielle,,,,
why-the-owl-never-sleeps,d96f81e9-e15f-44f7-930c-69a9e58cc94d,Why the owl never sleeps,14,12,2,1176,51,1227,0.0393,0.2454,book_dash-why-the-owl-never-sleeps/danielle,,,,
wiggle-jiggle,496db22a-08de-4c0b-a9ea-f843ec6302f4,Wiggle Jiggle,14,12,2,548,14,562,0.0180,0.1124,book_dash-wiggle-jiggle/danielle,,,,
woof-woof,b4c46ed6-bb53-4c95-80aa-5a2cebef431c,Woof-woof!,14,11,3,180,38,218,0.0070,0.0436,book_dash-woof-woof/danielle,,,,
yapo-saves-the-day,ee5a61de-918c-4c5f-b4e2-93f93eb7adff,Yapo Saves The Day,14,12,2,1940,43,1983,0.0635,0.3966,book_dash-yapo-saves-the-day/danielle,,,,
zandi-and-birdy-monster,23b68ed1-198b-48c1-81c4-c9c7b809ec25,Zandi and Birdy Monster,14,12,2,1059,56,1115,0.0357,0.2230,book_dash-zandi-and-birdy-monster/danielle,,,,
zanele-sees-numbers,a0df9e6b-e0e3-4f70-a680-45f9442dd080,Zanele sees numbers,14,11,3,1044,47,1091,0.0349,0.2182,book_dash-zanele-sees-numbers/danielle,,,,
zenandes-helping-hands,353e3b71-ed16-4eec-9ae7-bda90192799d,Zenande’s helping hands,14,12,2,1081,51,1132,0.0362,0.2264,book_dash-zenandes-helping-hands/danielle,,,,
zibu-and-zizo,7243b9d3-78bf-40a2-9f6b-050befc66b52,Zibu and Zizo,14,12,2,629,43,672,0.0215,0.1344,book_dash-zibu-and-zizo/danielle,,,,
