group_no,id,source_platform,title,처리,근거
1,1eed0fae-6362-4dc3-aea1-1f51047bf373,african_storybook,A Dog,비활성화,그룹 1 중복 (유지판: 740f1ba1-dec9-400e-9796-8effc7c64e7b)
1,740f1ba1-dec9-400e-9796-8effc7c64e7b,bloom,A dog,유지,③ 표지 해상도 최대 / 비-GDL 복수 / 해상도 358801
1,ef3c71df-1028-4e3e-a3d4-ac74ff65f29b,african_storybook,Papa's  Dog,비활성화,그룹 1 중복 (유지판: 740f1ba1-dec9-400e-9796-8effc7c64e7b)
1,e4406029-931e-4ddc-938f-da5dcadc9782,african_storybook,Sami My Playful dog,비활성화,그룹 1 중복 (유지판: 740f1ba1-dec9-400e-9796-8effc7c64e7b)
2,9c9d46f8-9223-432c-b7f4-1042c7dca4f4,african_storybook,Aria,비활성화,그룹 2 중복 (유지판: 0d8ea52c-b744-446a-85d8-764453cd35ed)
2,8a91d89f-7642-4798-b23f-33dc9a3f91e5,african_storybook,I know colors,비활성화,그룹 2 중복 (유지판: 0d8ea52c-b744-446a-85d8-764453cd35ed)
2,0d8ea52c-b744-446a-85d8-764453cd35ed,african_storybook,My Body,유지,⑤ id 최소 / 비-GDL 복수 / 해상도 동률 3권 / id 최소
2,e6c80444-0a2e-4be2-8e20-12d190e65d93,gdl,My Body,비활성화,그룹 2 중복 (유지판: 0d8ea52c-b744-446a-85d8-764453cd35ed)
3,3ddac66b-b30e-439c-a620-22ebd4553c04,african_storybook,Colours,비활성화,그룹 3 중복 (유지판: 8bd2abc7-78fa-4834-82e1-3f3d70122838)
3,8bd2abc7-78fa-4834-82e1-3f3d70122838,bloom,Colours,유지,⑤ id 최소 / 비-GDL 복수 / 해상도 동률 2권 / id 최소
3,e085a251-6694-470a-a2ae-9b5e5a12785b,gdl,Colours,비활성화,그룹 3 중복 (유지판: 8bd2abc7-78fa-4834-82e1-3f3d70122838)
3,e395f1f4-9a6a-4be6-bf47-c73673c663c2,bloom,Colours,비활성화,그룹 3 중복 (유지판: 8bd2abc7-78fa-4834-82e1-3f3d70122838)
4,00e0a3f0-b772-49f4-abed-e61bcd21540d,bloom,The Moon and the Cap,유지,③ 표지 해상도 최대 / 비-GDL 복수 / 해상도 627120
4,bf60510a-e361-409b-a476-1a657db3dc31,gdl,The Moon and the Cap,비활성화,그룹 4 중복 (유지판: 00e0a3f0-b772-49f4-abed-e61bcd21540d)
4,d828a5e0-4950-4120-9cde-137d2e4dcaa7,african_storybook,The Moon and the Cap,비활성화,그룹 4 중복 (유지판: 00e0a3f0-b772-49f4-abed-e61bcd21540d)
4,f38a6ef5-54d6-42ef-bc3f-ab9f2a31be69,bloom,The Moon and the Hat,비활성화,그룹 4 중복 (유지판: 00e0a3f0-b772-49f4-abed-e61bcd21540d)
5,18c6ef40-7260-4aff-9db6-fb754c3437a5,african_storybook,Amazing Daisy,비활성화,그룹 5 중복 (유지판: c9885925-bd2c-41b1-8fd2-5ae7c7b3dd23)
5,c9885925-bd2c-41b1-8fd2-5ae7c7b3dd23,book_dash,Amazing Daisy,유지,① 오디오 보유 / 오디오 보유 단독
5,ff8469b1-adb1-443a-a042-b70aee14d440,african_storybook,Amazing Daisy,비활성화,그룹 5 중복 (유지판: c9885925-bd2c-41b1-8fd2-5ae7c7b3dd23)
6,18b88728-0b7c-43d7-8d49-ed243da56288,gdl,Bunty and Bubbly,비활성화,그룹 6 중복 (유지판: 3abddfc4-6979-49c1-a7db-1455503f8e2f)
6,3abddfc4-6979-49c1-a7db-1455503f8e2f,bloom,Bunty and Bubbly,유지,③ 표지 해상도 최대 / 비-GDL 복수 / 해상도 193200
6,c6c58313-07a8-4306-9a30-fdccbf787cb7,african_storybook,Bunty and Bubbly,비활성화,그룹 6 중복 (유지판: 3abddfc4-6979-49c1-a7db-1455503f8e2f)
7,82abae25-9cca-48bc-8b3b-7b56884282d2,african_storybook,Buttons,유지,⑤ id 최소 / 비-GDL 복수 / 해상도 동률 3권 / id 최소
7,b20df6b9-7b25-40cb-b789-b53a5fc14a23,african_storybook,Buttons,비활성화,그룹 7 중복 (유지판: 82abae25-9cca-48bc-8b3b-7b56884282d2)
7,d34eeba2-3bd1-4176-9e72-113a7534455f,african_storybook,Buttons,비활성화,그룹 7 중복 (유지판: 82abae25-9cca-48bc-8b3b-7b56884282d2)
8,906ddc10-0988-48ec-9fc0-181c1424a13a,african_storybook,Cats and mice,비활성화,그룹 8 중복 (유지판: 10adc09e-3e96-4572-be81-01a4861f6035)
8,9872489e-5daa-449e-b1ec-46c2ddbc795b,african_storybook,Cats and Mice,비활성화,그룹 8 중복 (유지판: 10adc09e-3e96-4572-be81-01a4861f6035)
8,10adc09e-3e96-4572-be81-01a4861f6035,african_storybook,Mice And Cats,유지,⑤ id 최소 / 비-GDL 복수 / 해상도 동률 3권 / id 최소
9,0fe8a424-f2f4-435c-8ee5-21f69a63892d,gdl,Counting Animals,비활성화,그룹 9 중복 (유지판: 668bce5b-cddc-44e2-849a-fce569c46317)
9,795db11e-7356-46cf-9d19-ab4df92b2c34,african_storybook,Counting animals,비활성화,그룹 9 중복 (유지판: 668bce5b-cddc-44e2-849a-fce569c46317)
9,668bce5b-cddc-44e2-849a-fce569c46317,african_storybook,Water for all,유지,⑤ id 최소 / 비-GDL 복수 / 해상도 동률 2권 / id 최소
10,6e5d6bd9-df15-42e8-9982-e9a11d486430,gdl,Donkey And Ox,비활성화,그룹 10 중복 (유지판: 65761e3a-0775-45e2-a570-0034615ce68a)
10,65761e3a-0775-45e2-a570-0034615ce68a,african_storybook,Ox and Donkey,유지,⑤ id 최소 / 비-GDL 복수 / 해상도 동률 2권 / id 최소
10,a7110831-8b45-482b-bfde-81c59866f597,african_storybook,Ox And Donkey,비활성화,그룹 10 중복 (유지판: 65761e3a-0775-45e2-a570-0034615ce68a)
11,1c5afcab-5897-426e-8c50-52d404a34739,gdl,Friends,비활성화,그룹 11 중복 (유지판: dbd27774-7646-4b77-b917-65762a835ff4)
11,85529f20-8864-4c62-b496-e7d53841d6b5,african_storybook,Friends,비활성화,그룹 11 중복 (유지판: dbd27774-7646-4b77-b917-65762a835ff4)
11,dbd27774-7646-4b77-b917-65762a835ff4,bloom,Friends,유지,③ 표지 해상도 최대 / 비-GDL 복수 / 해상도 358801
12,31d4ffd1-4bcf-4342-b65e-913eaf7350e5,african_storybook,How I got lost at the market,유지,⑤ id 최소 / 비-GDL 복수 / 해상도 동률 2권 / id 최소
12,4d2d47c9-6a75-418c-8cbc-667258945124,african_storybook,How I Got Lost At The Market,비활성화,그룹 12 중복 (유지판: 31d4ffd1-4bcf-4342-b65e-913eaf7350e5)
12,cf10cbb8-b0ed-4ad0-9fdf-09cebe1e6998,gdl,My First Day at the Market,비활성화,그룹 12 중복 (유지판: 31d4ffd1-4bcf-4342-b65e-913eaf7350e5)
13,4c887d97-7e3c-4d4f-b8da-30bdfd2b6f6b,bloom,I Can Climb,유지,⑤ id 최소 / 비-GDL 복수 / 해상도 동률 2권 / id 최소
13,2ecc2a7d-4cba-4fc6-8104-e2c6ee95ef69,gdl,I Can Climb!,비활성화,그룹 13 중복 (유지판: 4c887d97-7e3c-4d4f-b8da-30bdfd2b6f6b)
13,907a0e7d-ca68-4ab4-ab0b-5d660a7c7fed,bloom,In the Park,비활성화,그룹 13 중복 (유지판: 4c887d97-7e3c-4d4f-b8da-30bdfd2b6f6b)
14,4564a9e5-5c3f-44ac-b148-16cf387f8b54,gdl,I Like To Read,비활성화,그룹 14 중복 (유지판: b26b1acf-7631-411e-8fc7-576a74f59d57)
14,b26b1acf-7631-411e-8fc7-576a74f59d57,bloom,I like to read,유지,③ 표지 해상도 최대 / 비-GDL 복수 / 해상도 360000
14,da64f40e-4064-403b-991c-617cde610c88,african_storybook,I Love to Read,비활성화,그룹 14 중복 (유지판: b26b1acf-7631-411e-8fc7-576a74f59d57)
15,449b587b-4318-4884-8920-b9ceb4446406,gdl,Jobs,비활성화,그룹 15 중복 (유지판: 9a64e1eb-9b98-4061-90b5-dd814a218b4f)
15,5da2f92d-0c5d-4892-ba26-086af21c01c4,bloom,Jobs,비활성화,그룹 15 중복 (유지판: 9a64e1eb-9b98-4061-90b5-dd814a218b4f)
15,9a64e1eb-9b98-4061-90b5-dd814a218b4f,bloom,Jobs,유지,③ 표지 해상도 최대 / 비-GDL 복수 / 해상도 360000
16,e8a19292-9f04-47c5-ab1b-9b3038b8a0c9,african_storybook,Kariza's questions,비활성화,그룹 16 중복 (유지판: 83a228a2-ce33-494d-a6db-fa8c7a899f6d)
16,83a228a2-ce33-494d-a6db-fa8c7a899f6d,african_storybook,Step and wash!,유지,⑤ id 최소 / 비-GDL 복수 / 해상도 동률 3권 / id 최소
16,dbf4b6d9-099a-4c6e-8da9-71c453916b60,african_storybook,Step and wash!,비활성화,그룹 16 중복 (유지판: 83a228a2-ce33-494d-a6db-fa8c7a899f6d)
17,75890d66-c900-43fb-bb5a-e2bfcffb58b7,african_storybook,Luwo's House,비활성화,그룹 17 중복 (유지판: 3d352d10-a692-4a1f-a648-7d600dbb49c3)
17,8bccf2ed-1e2b-4706-a09b-8c977ecd8dc0,bloom,Luwo's House,비활성화,그룹 17 중복 (유지판: 3d352d10-a692-4a1f-a648-7d600dbb49c3)
17,3d352d10-a692-4a1f-a648-7d600dbb49c3,bloom,Luwo’s House,유지,⑤ id 최소 / 비-GDL 복수 / 해상도 동률 2권 / id 최소
18,426312e6-fb6f-4c4f-aa9f-a0083dd68a92,african_storybook,My mother,유지,⑤ id 최소 / 비-GDL 복수 / 해상도 동률 3권 / id 최소
18,bf6b2967-a8eb-472f-b36e-089a4366d27f,african_storybook,My mother,비활성화,그룹 18 중복 (유지판: 426312e6-fb6f-4c4f-aa9f-a0083dd68a92)
18,625aab17-1784-4dda-86c4-0f8e7d7dee3c,african_storybook,The beauty of a mother,비활성화,그룹 18 중복 (유지판: 426312e6-fb6f-4c4f-aa9f-a0083dd68a92)
19,47765b0a-694f-4b29-a037-de984facc223,african_storybook,Our Wonderful World,비활성화,그룹 19 중복 (유지판: 27f4f971-d9ae-4976-911e-a832c025be49)
19,27f4f971-d9ae-4976-911e-a832c025be49,african_storybook,Our World,유지,⑤ id 최소 / 비-GDL 복수 / 해상도 동률 3권 / id 최소
19,fd777194-0a4c-450f-ba3e-4fe3cb16fcd1,african_storybook,Our World,비활성화,그룹 19 중복 (유지판: 27f4f971-d9ae-4976-911e-a832c025be49)
20,3e025af2-e08d-411a-96ff-cbe6e33b4d1d,bloom,Rain,유지,⑤ id 최소 / 비-GDL 복수 / 해상도 동률 2권 / id 최소
20,8447373c-62e7-491c-b90d-f075e8fde714,bloom,Rain,비활성화,그룹 20 중복 (유지판: 3e025af2-e08d-411a-96ff-cbe6e33b4d1d)
20,be4927d8-ef29-4b90-92b5-63050e7e4877,gdl,Rain,비활성화,그룹 20 중복 (유지판: 3e025af2-e08d-411a-96ff-cbe6e33b4d1d)
21,86dbfc5a-7735-4abe-929f-97ec6036b387,african_storybook,True friends,비활성화,그룹 21 중복 (유지판: c94b6bcf-29a8-4238-a75a-12f6787baede)
21,c94b6bcf-29a8-4238-a75a-12f6787baede,bloom,True friends,유지,③ 표지 해상도 최대 / 비-GDL 복수 / 해상도 883200
21,fe0e9a59-5369-410a-9256-0761c2808d9f,african_storybook,True Friends,비활성화,그룹 21 중복 (유지판: c94b6bcf-29a8-4238-a75a-12f6787baede)
22,92efecf3-2aa2-4857-9b69-c79e5e6efebf,book_dash,What if,유지,① 오디오 보유 / 오디오 보유 단독
22,2153fd1f-413f-4d92-875d-65921838784a,gdl,What if...?,비활성화,그룹 22 중복 (유지판: 92efecf3-2aa2-4857-9b69-c79e5e6efebf)
22,69fbf9ac-bd4e-40e2-a046-7f9136e3dd21,gdl,What If?,비활성화,그룹 22 중복 (유지판: 92efecf3-2aa2-4857-9b69-c79e5e6efebf)
23,1c304aa3-8292-4eb4-9f7a-ec663dd12de5,bloom,Where is my bat?,비활성화,그룹 23 중복 (유지판: e147b8b7-7e32-4aca-9ca5-371f34ae2462)
23,5ac92c9b-80e3-4da8-b970-85b0e736163e,african_storybook,Where is my Bat?,비활성화,그룹 23 중복 (유지판: e147b8b7-7e32-4aca-9ca5-371f34ae2462)
23,e147b8b7-7e32-4aca-9ca5-371f34ae2462,bloom,Where is my bat?,유지,③ 표지 해상도 최대 / 비-GDL 복수 / 해상도 770768
24,39f5decc-aa1e-4fea-a8ce-90c13e1959eb,gdl,Where is My Mother?,비활성화,그룹 24 중복 (유지판: 8ca85744-561b-4098-938c-32cf495cebbe)
24,8ca85744-561b-4098-938c-32cf495cebbe,bloom,Where is My Mother?,유지,⑤ id 최소 / 비-GDL 복수 / 해상도 동률 2권 / id 최소
24,e4933cfc-7af8-4f53-a648-8606f51e8851,bloom,Where is My Mother?,비활성화,그룹 24 중복 (유지판: 8ca85744-561b-4098-938c-32cf495cebbe)
25,79d48c99-3f81-4738-92da-bbc53aa7a296,gdl,Whose House is This?,비활성화,그룹 25 중복 (유지판: 11e426a8-9b20-4941-9b5d-434e97292348)
25,11e426a8-9b20-4941-9b5d-434e97292348,book_dash,Whose shoe is this?,유지,① 오디오 보유 / 오디오 보유 단독
25,313b9a30-44fb-4035-ae44-93873d3690c4,bloom,Whose shoe is this?,비활성화,그룹 25 중복 (유지판: 11e426a8-9b20-4941-9b5d-434e97292348)
26,017d6e74-ff54-44df-95e8-11f14b005ab6,bloom,Wild Cat! Wild Cat!,유지,⑤ id 최소 / 비-GDL 복수 / 해상도 동률 2권 / id 최소
26,d38092cf-a3a6-4160-a6ac-bc3ebc59aa5e,gdl,Wild Cat! Wild Cat!,비활성화,그룹 26 중복 (유지판: 017d6e74-ff54-44df-95e8-11f14b005ab6)
26,d743a359-4de5-411a-b9e1-f219a1d13d21,bloom,Wild Cat! Wild Cat!,비활성화,그룹 26 중복 (유지판: 017d6e74-ff54-44df-95e8-11f14b005ab6)
27,bd07f136-b653-4504-938c-e1f78cbdbd54,gdl,"""My fish!"" ""No, my fish!""",비활성화,그룹 27 중복 (유지판: bde8b497-06fd-424c-ae18-4ba17a104257)
27,bde8b497-06fd-424c-ae18-4ba17a104257,bloom,"""My fish!"" ""No, my fish!""",유지,④ 비-GDL 우선 / 비-GDL 단독
28,20eee28a-86e4-45e4-9c52-9575e4f41d8f,gdl,7 Colours of a Rainbow,비활성화,그룹 28 중복 (유지판: 76732ac9-2f18-4c43-b975-9464dce94113)
28,76732ac9-2f18-4c43-b975-9464dce94113,bloom,Colours of a Rainbow,유지,④ 비-GDL 우선 / 비-GDL 단독
29,0224c5f6-82c2-424f-b2ee-2c857c18fa89,african_storybook,A Careless Man,비활성화,그룹 29 중복 (유지판: b372c9d2-55d0-4f89-8b9e-9298b47fdcff)
29,b372c9d2-55d0-4f89-8b9e-9298b47fdcff,bloom,A careless man,유지,③ 표지 해상도 최대 / 비-GDL 복수 / 해상도 358801
30,77de020c-ac99-4b7f-b470-b61717c90340,gdl,A Dancer's Tale,비활성화,그룹 30 중복 (유지판: 74b531b1-4aa3-4b91-ae1e-00dd95e7e910)
30,74b531b1-4aa3-4b91-ae1e-00dd95e7e910,book_dash,A Dancer’s Tale,유지,② book_dash / book_dash 단독
31,af887c49-531a-4d26-9db4-b820648b9b6b,african_storybook,A Hot Saturday,유지,⑤ id 최소 / 비-GDL 복수 / 해상도 동률 2권 / id 최소
31,e11550fa-4082-43e0-8f00-681454d31edf,african_storybook,A Hot Saturday,비활성화,그룹 31 중복 (유지판: af887c49-531a-4d26-9db4-b820648b9b6b)
32,071d4a45-ecf2-4f24-a644-01955cfd93e7,bloom,A House for Mouse,비활성화,그룹 32 중복 (유지판: 52d93876-df1b-4e27-b0e9-02c24a8ed4ea)
32,52d93876-df1b-4e27-b0e9-02c24a8ed4ea,book_dash,A House for Mouse,유지,② book_dash / book_dash 단독
33,b134655b-fd4b-41a5-86a2-a4c6fe7f236b,gdl,A Street or a Zoo?,비활성화,그룹 33 중복 (유지판: 6d62d996-ee93-4b29-b2e7-e75f4689a0ce)
33,6d62d996-ee93-4b29-b2e7-e75f4689a0ce,bloom,"A Street, or a Zoo?",유지,④ 비-GDL 우선 / 비-GDL 단독
34,0134f341-7b58-4c7c-b17a-8d4e036dcd72,book_dash,A trip to the tap,유지,① 오디오 보유 / 오디오 보유 단독
34,7f8925c4-ccd4-4738-863b-ea20097aa12d,bloom,A Trip to the Tap,비활성화,그룹 34 중복 (유지판: 0134f341-7b58-4c7c-b17a-8d4e036dcd72)
35,099fef93-cf3c-42d0-8a55-4cfcd65f7cd9,gdl,A Very Busy Day,비활성화,그룹 35 중복 (유지판: 3e219305-97f9-49a7-8a80-0c6767145af7)
35,3e219305-97f9-49a7-8a80-0c6767145af7,book_dash,A very busy day!,유지,① 오디오 보유 / 오디오 보유 단독
36,35e5d037-2b21-4144-8b55-9f9888c4e88c,bloom,A5-Why Can't We Glow Like Fireflies?,유지,④ 비-GDL 우선 / 비-GDL 단독
36,9115e0ff-91fe-45ee-a00b-94c803a10715,gdl,Why Can't We Glow Like Fireflies?,비활성화,그룹 36 중복 (유지판: 35e5d037-2b21-4144-8b55-9f9888c4e88c)
37,6a054991-e52f-4255-b675-7be74dd77543,bloom,Aaloo-Maaloo-Kaaloo,유지,④ 비-GDL 우선 / 비-GDL 단독
37,79022238-2f97-47e3-9490-342166c1fcc2,gdl,Aaloo-Maaloo-Kaaloo,비활성화,그룹 37 중복 (유지판: 6a054991-e52f-4255-b675-7be74dd77543)
38,35283d41-f3cb-45d2-a64d-53b76458b185,african_storybook,Abike's Day,유지,④ 비-GDL 우선 / 비-GDL 단독
38,646a8062-91ab-41de-8321-c9fd90f3be9d,gdl,Akai's Special Mat,비활성화,그룹 38 중복 (유지판: 35283d41-f3cb-45d2-a64d-53b76458b185)
39,50c2d7b6-c273-4fb6-b806-92d4de760aac,african_storybook,Advice from an old man,유지,⑤ id 최소 / 비-GDL 복수 / 해상도 동률 2권 / id 최소
39,88829ea5-4595-405a-8c98-ee6d71e901aa,african_storybook,Advice from an old man,비활성화,그룹 39 중복 (유지판: 50c2d7b6-c273-4fb6-b806-92d4de760aac)
40,94a7fa50-46d4-4e55-8ee8-43d8782e848a,bloom,Amahle wants to help!,비활성화,그룹 40 중복 (유지판: f3e5da2f-a04d-4b08-ac81-4dee971c15e8)
40,f3e5da2f-a04d-4b08-ac81-4dee971c15e8,book_dash,Amahle wants to help!,유지,① 오디오 보유 / 오디오 보유 단독
42,c7a9c656-dc93-46a0-b16e-dfbef88e62b7,book_dash,And Also!,유지,② book_dash / book_dash 단독
42,fed03c97-9d84-433b-9e29-f028de2be8f1,gdl,And Also!,비활성화,그룹 42 중복 (유지판: c7a9c656-dc93-46a0-b16e-dfbef88e62b7)
43,11d1054f-265c-4868-8256-2a10fe5962dc,bloom,"Animals, Animals",유지,⑤ id 최소 / 비-GDL 복수 / 해상도 동률 2권 / id 최소
43,1e7bf076-1de2-41e1-baca-1b0e88c69555,bloom,Tom Keeps Animals,비활성화,그룹 43 중복 (유지판: 11d1054f-265c-4868-8256-2a10fe5962dc)
44,2f24fffa-240c-4555-a73c-35d46c7fc299,african_storybook,Aniy'amanya the brave girl,유지,⑤ id 최소 / 비-GDL 복수 / 해상도 동률 2권 / id 최소
44,60f09a44-af0f-4c97-9763-b3b7f8a0cf45,african_storybook,Peddy the lazy girl,비활성화,그룹 44 중복 (유지판: 2f24fffa-240c-4555-a73c-35d46c7fc299)
45,df646401-b12b-4984-bf0b-d8fac7f250d7,bloom,Annual Haircut Day,유지,④ 비-GDL 우선 / 비-GDL 단독
45,ecf93ed6-7846-4ff1-a19a-189554a49540,gdl,Annual Haircut Day,비활성화,그룹 45 중복 (유지판: df646401-b12b-4984-bf0b-d8fac7f250d7)
46,96435276-a2f2-46da-b5ac-321692526299,african_storybook,Asa The Princess,비활성화,그룹 46 중복 (유지판: 72422763-7947-4fbf-b709-c538b666c58b)
46,72422763-7947-4fbf-b709-c538b666c58b,african_storybook,Princess Asa,유지,⑤ id 최소 / 비-GDL 복수 / 해상도 동률 2권 / id 최소
47,4bb8557d-0ad7-4a35-9aba-39f12dc986f1,bloom,Azizi the doll,유지,③ 표지 해상도 최대 / 비-GDL 복수 / 해상도 358801
47,a76eb254-fb11-47a9-bdee-d0d58bdd7b38,african_storybook,Azizi the Doll,비활성화,그룹 47 중복 (유지판: 4bb8557d-0ad7-4a35-9aba-39f12dc986f1)
48,7139266e-142b-40d6-89b6-b863d0237f92,african_storybook,Bathtub Safari,비활성화,그룹 48 중복 (유지판: e50bd660-92c8-4938-b342-b43409bdb99f)
48,e50bd660-92c8-4938-b342-b43409bdb99f,book_dash,Bathtub Safari,유지,① 오디오 보유 / 오디오 보유 단독
49,2bf7afb3-1676-4584-9f5b-869f24382cfa,african_storybook,Bird Hunters,유지,⑤ id 최소 / 비-GDL 복수 / 해상도 동률 2권 / id 최소
49,9a386b81-8fde-4052-9f95-6087a0f33184,african_storybook,Bird Hunters,비활성화,그룹 49 중복 (유지판: 2bf7afb3-1676-4584-9f5b-869f24382cfa)
50,0e56cccd-1a40-4e4c-ab5a-3ba6be875f9f,african_storybook,Bohlale's adventure,유지,⑤ id 최소 / 비-GDL 복수 / 해상도 동률 2권 / id 최소
50,4114209b-bc43-4ade-b09c-24b1a1ef3b6a,african_storybook,Bohlale's adventure,비활성화,그룹 50 중복 (유지판: 0e56cccd-1a40-4e4c-ab5a-3ba6be875f9f)
51,6a425443-d060-40f3-8195-38aee478f48c,bloom,Busy Ants,유지,④ 비-GDL 우선 / 비-GDL 단독
51,c48a4d20-b6ea-4020-8a96-7115b4074645,gdl,Busy ants,비활성화,그룹 51 중복 (유지판: 6a425443-d060-40f3-8195-38aee478f48c)
53,a2adff2c-5106-4cd1-9129-287aef3d25c2,gdl,Catch that Cat,비활성화,그룹 53 중복 (유지판: 56027756-fc5d-45f9-8b8c-fe33727e6089)
53,56027756-fc5d-45f9-8b8c-fe33727e6089,book_dash,Catch That Cat!,유지,② book_dash / book_dash 단독
54,5448655a-a11b-4243-999b-c21a3bd37fd1,african_storybook,Chiefs Versus Aces,비활성화,그룹 54 중복 (유지판: 2b90bc26-0951-450b-8681-8f9248243679)
54,2b90bc26-0951-450b-8681-8f9248243679,african_storybook,Soccer Game Chiefs and Aces,유지,⑤ id 최소 / 비-GDL 복수 / 해상도 동률 2권 / id 최소
55,0155f30d-3020-48d8-b39c-4f3c5c48695a,bloom,Clouds,유지,③ 표지 해상도 최대 / 비-GDL 복수 / 해상도 389520
55,88831d12-c665-4a69-afb4-3e2a31ce69da,african_storybook,Clouds,비활성화,그룹 55 중복 (유지판: 0155f30d-3020-48d8-b39c-4f3c5c48695a)
56,4cfebf70-984b-40dd-b4da-6da41b235f18,gdl,Colorful Birds,유지,③ 표지 해상도 최대 / 전권 GDL / 해상도 440271
56,f0de905d-d804-452f-83c0-a6d0642dbc5a,gdl,Colourful Birds,비활성화,그룹 56 중복 (유지판: 4cfebf70-984b-40dd-b4da-6da41b235f18)
57,31617e8a-708e-4718-b2cf-c7e95e3f697c,bloom,Colours of Nature,유지,⑤ id 최소 / 비-GDL 복수 / 해상도 동률 2권 / id 최소
57,eb1af9d3-cda7-4725-8ac7-5ecf9620b871,bloom,Colours of Nature,비활성화,그룹 57 중복 (유지판: 31617e8a-708e-4718-b2cf-c7e95e3f697c)
58,ca5f6f07-3448-4d64-b6a1-f60b4860db3e,african_storybook,"Come Back, Cat",비활성화,그룹 58 중복 (유지판: f35dd8ae-2408-46c0-8794-f7e931abddab)
58,f35dd8ae-2408-46c0-8794-f7e931abddab,book_dash,"Come Back, Cat!",유지,① 오디오 보유 / 오디오 보유 단독
59,922b681b-882b-44fc-80fd-7b9fdce571d0,gdl,Curious Baby Elephant,비활성화,그룹 59 중복 (유지판: e7348182-dcbc-426d-a089-33aa393a213a)
59,e7348182-dcbc-426d-a089-33aa393a213a,bloom,Curious baby elephant,유지,④ 비-GDL 우선 / 비-GDL 단독
60,0a628df6-3816-4f1a-8d1a-aa7a0f8c53cb,gdl,"Dance, Mihlali!",비활성화,그룹 60 중복 (유지판: cdd9d224-fe05-4f19-8b91-e1517bfb8e76)
60,cdd9d224-fe05-4f19-8b91-e1517bfb8e76,book_dash,"Dance, Mihlali!",유지,① 오디오 보유 / 오디오 보유 단독
61,95be288f-2150-40d9-8f63-34af248c440d,bloom,Dancing,유지,③ 표지 해상도 최대 / 비-GDL 복수 / 해상도 516961
61,b829175a-a379-49d5-92da-5dc3402424e1,african_storybook,Dancing,비활성화,그룹 61 중복 (유지판: 95be288f-2150-40d9-8f63-34af248c440d)
62,a6e96eff-de0c-4e9d-806e-e9af7ef79616,african_storybook,Day I left home for the city,비활성화,그룹 62 중복 (유지판: 6b1bf2a3-09d6-442b-952e-1f39d08d58d6)
62,6b1bf2a3-09d6-442b-952e-1f39d08d58d6,african_storybook,Going To The Big City,유지,⑤ id 최소 / 비-GDL 복수 / 해상도 동률 2권 / id 최소
64,bd4f2477-69ac-477a-9705-6b80f8b49367,gdl,Disability Is Not Inability,비활성화,그룹 64 중복 (유지판: d097ab0b-754d-4dd6-9a78-a60235914dfb)
64,d097ab0b-754d-4dd6-9a78-a60235914dfb,bloom,Disability is not inability,유지,④ 비-GDL 우선 / 비-GDL 단독
65,613f4c80-a60f-4c42-9159-a66fabf0d1f0,african_storybook,Duma says wash your hands!,유지,⑤ id 최소 / 비-GDL 복수 / 해상도 동률 2권 / id 최소
65,71d0c7aa-b728-495d-8b02-158fc8fed09b,african_storybook,Duma says wear a mask!,비활성화,그룹 65 중복 (유지판: 613f4c80-a60f-4c42-9159-a66fabf0d1f0)
66,0ec7dceb-698d-4469-8595-83200cacab71,gdl,Egg,비활성화,그룹 66 중복 (유지판: c478f548-1cfd-4ab3-8477-24e4c0abc278)
66,c478f548-1cfd-4ab3-8477-24e4c0abc278,book_dash,Egg,유지,① 오디오 보유 / 오디오 보유 단독
67,a20ede67-608b-468e-b1f3-bbd82bcb6286,african_storybook,Fana And Her Animals,비활성화,그룹 67 중복 (유지판: 6d1c0d18-21d0-4012-bfc6-db261825ac44)
67,6d1c0d18-21d0-4012-bfc6-db261825ac44,african_storybook,Fana Loves Animals,유지,⑤ id 최소 / 비-GDL 복수 / 해상도 동률 2권 / id 최소
68,33a49ad1-c210-437f-aa9d-56993bfa43af,bloom,Fat King Thin Dog,유지,④ 비-GDL 우선 / 비-GDL 단독
68,80e15d9a-38a5-4ff1-afdf-b70bd2276424,gdl,Fat King Thin Dog,비활성화,그룹 68 중복 (유지판: 33a49ad1-c210-437f-aa9d-56993bfa43af)
69,5f6c5d5c-1c8e-47bc-991c-a0998f71da4c,african_storybook,Fire on the mountain,비활성화,그룹 69 중복 (유지판: b0283a0b-5836-498f-9086-70e81e7c91c2)
69,b0283a0b-5836-498f-9086-70e81e7c91c2,african_storybook,Fire on the mountain,유지,③ 표지 해상도 최대 / 비-GDL 복수 / 해상도 298116
70,3cb2f300-24d8-413f-90ab-b7e29ef97d5e,gdl,Foxy Joxy Plays a Trick,비활성화,그룹 70 중복 (유지판: e6fc9794-5ba4-4aa0-b157-1c1ff1d7212a)
70,e6fc9794-5ba4-4aa0-b157-1c1ff1d7212a,book_dash,Foxy Joxy Plays a Trick,유지,① 오디오 보유 / 오디오 보유 단독
71,3a999f45-8ace-45ac-831a-db5875499c68,african_storybook,Fruits of Freedom,유지,⑤ id 최소 / 비-GDL 복수 / 해상도 동률 2권 / id 최소
71,ecdc2c27-82ab-4de8-8210-174e83b7731d,african_storybook,Fruits of freedom,비활성화,그룹 71 중복 (유지판: 3a999f45-8ace-45ac-831a-db5875499c68)
72,2af45e9a-421a-4474-816a-f45808ccff89,bloom,"Goat, Dog and Cow",유지,③ 표지 해상도 최대 / 비-GDL 복수 / 해상도 518400
72,de3e9bf0-066a-4729-a059-11e428830a33,african_storybook,"Goat, Dog and Cow",비활성화,그룹 72 중복 (유지판: 2af45e9a-421a-4474-816a-f45808ccff89)
74,bd687d90-1ced-4a40-a939-e40dca3a6176,african_storybook,Grandmother's Stories,비활성화,그룹 74 중복 (유지판: a1a0ebe8-fd75-4e91-84f6-63664a19a92f)
74,a1a0ebe8-fd75-4e91-84f6-63664a19a92f,african_storybook,"Grandmother, Hare And Elephant",유지,⑤ id 최소 / 비-GDL 복수 / 해상도 동률 2권 / id 최소
75,c0ca9816-36ee-433e-8381-1a1d7712fc3f,book_dash,Grandpa's Gold,유지,① 오디오 보유 / 오디오 보유 단독
75,f5c3ab88-f9ad-4c6f-803f-b8adb31d5f12,gdl,Grandpa's Gold,비활성화,그룹 75 중복 (유지판: c0ca9816-36ee-433e-8381-1a1d7712fc3f)
76,a07ea78a-8ec2-4ef0-bb5a-44168d7b8882,bloom,Happy and Sad,유지,③ 표지 해상도 최대 / 비-GDL 복수 / 해상도 193200
76,c697f90d-2eab-4251-b87a-d244f8d6bd86,african_storybook,Happy and Sad,비활성화,그룹 76 중복 (유지판: a07ea78a-8ec2-4ef0-bb5a-44168d7b8882)
77,ea8264e3-684d-425a-a3c8-eb0f00536f64,african_storybook,Hare And Hyena,비활성화,그룹 77 중복 (유지판: 80ea6bcc-d82f-4a01-9134-c414abd4a405)
77,80ea6bcc-d82f-4a01-9134-c414abd4a405,african_storybook,Hare And Hyena Grow Crops,유지,⑤ id 최소 / 비-GDL 복수 / 해상도 동률 2권 / id 최소
78,1619dcb3-b519-4148-a436-62afe2bc597b,gdl,Hello,비활성화,그룹 78 중복 (유지판: 952a8b40-7487-4259-9d4e-f2c093dff525)
78,952a8b40-7487-4259-9d4e-f2c093dff525,book_dash,Hello,유지,① 오디오 보유 / 오디오 보유 단독
79,99488d00-a42d-42a1-9572-b6600161e74b,gdl,Helping Mother,유지,③ 표지 해상도 최대 / 전권 GDL / 해상도 346500
79,3191704c-e927-45f2-afeb-cec04d567cbc,gdl,Helping Others,비활성화,그룹 79 중복 (유지판: 99488d00-a42d-42a1-9572-b6600161e74b)
81,6bfbb68a-8ffe-4b1f-a289-435553acc8c4,gdl,Holidays With Grandmother,비활성화,그룹 81 중복 (유지판: 84a59101-ded0-454a-8877-a0a71df94240)
81,84a59101-ded0-454a-8877-a0a71df94240,african_storybook,Visiting Grandmother,유지,④ 비-GDL 우선 / 비-GDL 단독
82,9c60ca6d-7112-47cf-a3b1-68f398690cb2,african_storybook,Home Alone,유지,⑤ id 최소 / 비-GDL 복수 / 해상도 동률 2권 / id 최소
82,b0a9ccb5-9a7d-42b1-8981-585166bf657f,african_storybook,Home Alone,비활성화,그룹 82 중복 (유지판: 9c60ca6d-7112-47cf-a3b1-68f398690cb2)
83,27c84efc-f68a-4a76-bef1-17acfbcc5a19,book_dash,How About You?,유지,① 오디오 보유 / 오디오 보유 단독
83,bc724ff7-9115-4974-aa67-f74b7cbd882c,african_storybook,How About You?,비활성화,그룹 83 중복 (유지판: 27c84efc-f68a-4a76-bef1-17acfbcc5a19)
84,24b4eee5-24f6-4f92-8ab2-f70c757c2c19,bloom,How Ant Saved Dove,유지,④ 비-GDL 우선 / 비-GDL 단독
84,8ee81db7-e020-4192-b455-4ed268db462d,gdl,How Ant Saved Dove,비활성화,그룹 84 중복 (유지판: 24b4eee5-24f6-4f92-8ab2-f70c757c2c19)
85,859f618c-1cb2-47a4-b65f-d239f46c5af0,gdl,How Do Aeroplanes Fly?,유지,⑤ id 최소 / 전권 GDL / 해상도 동률 2권 / id 최소
85,b82ed0b4-7e26-491e-8ade-0817b8b967c7,gdl,How do Airplanes Fly?,비활성화,그룹 85 중복 (유지판: 859f618c-1cb2-47a4-b65f-d239f46c5af0)
86,3cb0279f-e003-4ab8-b0b5-82452bc6735b,gdl,How Do You Sleep?,비활성화,그룹 86 중복 (유지판: 40d0c8d8-4105-4f11-b537-af9f228fc944)
86,40d0c8d8-4105-4f11-b537-af9f228fc944,book_dash,How do you sleep?,유지,② book_dash / book_dash 단독
87,353c8f3d-7933-4b0e-9bd3-0f916f3fee93,bloom,How do you want your eggs?,비활성화,그룹 87 중복 (유지판: c00bcc44-4c53-4972-a7a3-15c81082281d)
87,c00bcc44-4c53-4972-a7a3-15c81082281d,book_dash,How do you want your eggs?,유지,① 오디오 보유 / 오디오 보유 단독
88,2dd818e1-4b4f-45eb-8730-d6a7ed40793c,bloom,How to Catch the Wind,비활성화,그룹 88 중복 (유지판: 5338ad48-80af-4284-bcb1-041803948193)
88,5338ad48-80af-4284-bcb1-041803948193,bloom,How to Catch the Wind,유지,③ 표지 해상도 최대 / 비-GDL 복수 / 해상도 719719
89,116f5a2b-bc0f-4315-bede-c603b4436ae0,bloom,How to Tame a Monster,비활성화,그룹 89 중복 (유지판: 4bfa8594-c4a7-417e-ab73-b6d29c6e1cf6)
89,4bfa8594-c4a7-417e-ab73-b6d29c6e1cf6,book_dash,How to Tame a Monster,유지,① 오디오 보유 / 오디오 보유 단독
91,39bfd8c9-10bb-4111-b8ad-6427973245ac,bloom,I Can,유지,⑤ id 최소 / 비-GDL 복수 / 해상도 동률 2권 / id 최소
91,e24df248-22a8-4e0c-919b-fb8299a495b3,bloom,I Can Do,비활성화,그룹 91 중복 (유지판: 39bfd8c9-10bb-4111-b8ad-6427973245ac)
92,9740707d-dce8-4132-ac9a-12690d8b3c37,gdl,I Can Help!,비활성화,그룹 92 중복 (유지판: e44bf88a-3f5f-4c05-a737-386bdffa4b4d)
92,e44bf88a-3f5f-4c05-a737-386bdffa4b4d,bloom,I Can Help!,유지,④ 비-GDL 우선 / 비-GDL 단독
93,7c9a57c5-155d-46bc-9e39-b46ca851d7d3,bloom,I Can Make Things!,유지,④ 비-GDL 우선 / 비-GDL 단독
93,8e70dcc7-8424-479e-9816-7a4ee99175a7,gdl,I Can Make Things!,비활성화,그룹 93 중복 (유지판: 7c9a57c5-155d-46bc-9e39-b46ca851d7d3)
94,1b77f024-7453-4fe9-8882-0294919a27ef,african_storybook,Is There Anyone Like Me?,비활성화,그룹 94 중복 (유지판: 83029b02-3c43-4984-9b1a-29097fce4cba)
94,83029b02-3c43-4984-9b1a-29097fce4cba,book_dash,Is There Anyone Like Me?,유지,① 오디오 보유 / 오디오 보유 단독
95,ffc12f0d-ba73-4d91-be53-3c096da1b082,african_storybook,Keeper and His Nursery,유지,④ 비-GDL 우선 / 비-GDL 단독
95,59fdcac6-e072-408b-93a6-3bcb514c19c1,gdl,Keeper And His Special Nursery,비활성화,그룹 95 중복 (유지판: ffc12f0d-ba73-4d91-be53-3c096da1b082)
96,5e263dc9-5691-417d-a49d-aa74b8c25d97,african_storybook,Khosi the School Librarian,유지,⑤ id 최소 / 비-GDL 복수 / 해상도 동률 2권 / id 최소
96,a4747a53-dd60-4716-843f-d1eeada790bd,african_storybook,Things I Do at School,비활성화,그룹 96 중복 (유지판: 5e263dc9-5691-417d-a49d-aa74b8c25d97)
97,789842ed-4652-481b-b118-cdaf72c4995e,african_storybook,Kids Who Care,비활성화,그룹 97 중복 (유지판: 08a8c5f4-07d9-4240-9d7c-fc1726771191)
97,08a8c5f4-07d9-4240-9d7c-fc1726771191,african_storybook,What can we do?,유지,⑤ id 최소 / 비-GDL 복수 / 해상도 동률 2권 / id 최소
98,88d6fd63-139b-469c-87da-06ed49f80e72,gdl,Knight Times,비활성화,그룹 98 중복 (유지판: f50cd955-b36f-469e-8239-e30ff007a629)
98,f50cd955-b36f-469e-8239-e30ff007a629,book_dash,Knight Times,유지,① 오디오 보유 / 오디오 보유 단독
99,1252ee12-ec89-4377-8b66-04259aae2b24,book_dash,Lara the Yellow Ladybird,유지,① 오디오 보유 / 오디오 보유 단독
99,46745157-19a0-4bd9-b94d-f2dd3f9a8788,gdl,Lara the Yellow Ladybird,비활성화,그룹 99 중복 (유지판: 1252ee12-ec89-4377-8b66-04259aae2b24)
100,54a7b2a4-48d1-4214-a03f-9a88e7a28887,gdl,Lebo and Gogo's Tea Party,비활성화,그룹 100 중복 (유지판: cf3733f9-5fb2-410a-90a8-2322e25ae2f3)
100,cf3733f9-5fb2-410a-90a8-2322e25ae2f3,book_dash,Lebo and Gogo’s Tea Party,유지,① 오디오 보유 / 오디오 보유 단독
101,d45be6f3-e462-4b64-8612-860930271929,gdl,Let's Be Friends,비활성화,그룹 101 중복 (유지판: a8aa157b-cbd6-4e85-bdec-2fca0a8f0671)
101,a8aa157b-cbd6-4e85-bdec-2fca0a8f0671,book_dash,Let’s be Friends,유지,① 오디오 보유 / 오디오 보유 단독
102,876e79a2-94ad-4ffd-b3b7-1f6402dbc24c,gdl,Let's Fly,비활성화,그룹 102 중복 (유지판: 79bbf1dc-eec1-4a7a-abde-ccd55a6da314)
102,79bbf1dc-eec1-4a7a-abde-ccd55a6da314,african_storybook,Let's fly!,유지,④ 비-GDL 우선 / 비-GDL 단독
104,1d657bdc-8960-408b-b4d8-9a8ecf4492e4,gdl,Listen to My Body,비활성화,그룹 104 중복 (유지판: de167412-67fd-4a2a-a5e7-c14faba05983)
104,de167412-67fd-4a2a-a5e7-c14faba05983,bloom,Listen to my Body,유지,④ 비-GDL 우선 / 비-GDL 단독
105,bc79b86e-09c9-4bc4-898f-3653f0cafa45,book_dash,Little Ant's Big Plan,유지,① 오디오 보유 / 오디오 보유 단독
105,ea8959ef-8031-4490-a0d7-c1a7b18e370c,african_storybook,Little Ant's Big Plan,비활성화,그룹 105 중복 (유지판: bc79b86e-09c9-4bc4-898f-3653f0cafa45)
106,a58e31bf-f436-4180-bee3-9570b44cc7ee,bloom,Little Dog,유지,③ 표지 해상도 최대 / 비-GDL 복수 / 해상도 270336
106,d88111a3-fc33-4b32-8e72-378c24c6a9ea,african_storybook,Little Dog,비활성화,그룹 106 중복 (유지판: a58e31bf-f436-4180-bee3-9570b44cc7ee)
107,1d128e9d-5313-4fc9-a555-3ad2d4743e0f,book_dash,Little Goat,유지,② book_dash / book_dash 단독
107,42f00bf9-eab1-4cb4-99e7-f94cab7b25e4,gdl,Little Goat,비활성화,그룹 107 중복 (유지판: 1d128e9d-5313-4fc9-a555-3ad2d4743e0f)
108,6beab748-117c-4f5b-9c76-eeb7bd556d1f,african_storybook,Little Jojo's Long Tall Tale,유지,⑤ id 최소 / 비-GDL 복수 / 해상도 동률 2권 / id 최소
108,9ce14d9c-44b4-4028-abf2-22642fbe9f07,african_storybook,Little Jojo's Long Tall Tale,비활성화,그룹 108 중복 (유지판: 6beab748-117c-4f5b-9c76-eeb7bd556d1f)
109,29d0d46a-6d8c-4793-93da-43789f143ab3,bloom,Little Painters,유지,④ 비-GDL 우선 / 비-GDL 단독
109,6001f88c-4de1-43c5-b8b8-aeb80fc8754d,gdl,Little Painters,비활성화,그룹 109 중복 (유지판: 29d0d46a-6d8c-4793-93da-43789f143ab3)
110,cdd9dc87-2303-4542-9b28-9d3a3eafa94f,gdl,"Look out, Luthando",비활성화,그룹 110 중복 (유지판: 4fd1c428-bf99-47b0-9da0-26161c91cd4c)
110,4fd1c428-bf99-47b0-9da0-26161c91cd4c,book_dash,"Look out, Luthando!",유지,① 오디오 보유 / 오디오 보유 단독
111,bc6ccfd8-f790-40c5-ac4e-74392d830b4e,gdl,Look Up,비활성화,그룹 111 중복 (유지판: 0cb08289-1f83-4070-bd84-ab447c1ae6cd)
111,0cb08289-1f83-4070-bd84-ab447c1ae6cd,book_dash,Look up!,유지,② book_dash / book_dash 단독
112,b00a5b46-7616-4373-a9a7-58c1b176c386,book_dash,Lory Dory,유지,① 오디오 보유 / 오디오 보유 단독
112,ec546d5e-90ef-4a9d-9c91-9abc201d808d,african_storybook,Lory Dory,비활성화,그룹 112 중복 (유지판: b00a5b46-7616-4373-a9a7-58c1b176c386)
113,716f8b16-3b8c-457e-bbd5-3fc6c8e4f228,african_storybook,Losing my mother,유지,⑤ id 최소 / 비-GDL 복수 / 해상도 동률 2권 / id 최소
113,af924b5f-c8ea-4ede-ae83-6f37a440277a,african_storybook,Losing my mother,비활성화,그룹 113 중복 (유지판: 716f8b16-3b8c-457e-bbd5-3fc6c8e4f228)
114,92ff2e4b-2f51-4d7b-bfc3-d88b762ae52e,gdl,Lost and Found,비활성화,그룹 114 중복 (유지판: fb98c905-9a71-4d1f-a327-f29b41288f80)
114,fb98c905-9a71-4d1f-a327-f29b41288f80,bloom,Lost and Found,유지,④ 비-GDL 우선 / 비-GDL 단독
115,0c1d19fe-f40c-4b5f-8bfb-65d5526e4a0c,book_dash,Maddy Moona's Menagerie,유지,① 오디오 보유 / 오디오 보유 단독
115,43f338bd-36a8-44a1-9f84-0e82902b07d1,gdl,Maddy Moona’s Menagerie,비활성화,그룹 115 중복 (유지판: 0c1d19fe-f40c-4b5f-8bfb-65d5526e4a0c)
116,0f74581b-05d4-4e98-9ab5-51418f331774,bloom,"Meet More Family. Phase 1, Unit 5, Game 5B Mvskoke Growing Bilingual Community",비활성화,그룹 116 중복 (유지판: aa250fc3-be01-4185-b6e0-d9965944bb3f)
116,aa250fc3-be01-4185-b6e0-d9965944bb3f,bloom,"Meet the Family Phase 1, Unit 5, Game 5 Mvskoke Growing Bilingual Community",유지,③ 표지 해상도 최대 / 비-GDL 복수 / 해상도 719000
117,a8ee34b2-3b55-407b-9630-c91e3acf3e0e,book_dash,Miss Helen's Magical World,유지,① 오디오 보유 / 오디오 보유 단독
117,25553f8a-e7b0-4aab-b6ad-ad572162cb00,african_storybook,Miss Helen’S Magical World,비활성화,그룹 117 중복 (유지판: a8ee34b2-3b55-407b-9630-c91e3acf3e0e)
118,0c2d62fa-054c-4f3a-901a-86eb4933fab1,book_dash,MUD!,유지,① 오디오 보유 / 오디오 보유 단독
118,b62bfe7b-7f91-48d4-b5ca-06531de7754a,bloom,MUD!,비활성화,그룹 118 중복 (유지판: 0c2d62fa-054c-4f3a-901a-86eb4933fab1)
119,386628e1-1d9f-4b48-9cb0-62f256166277,african_storybook,My Baby Boy,유지,⑤ id 최소 / 비-GDL 복수 / 해상도 동률 2권 / id 최소
119,8be8b3d1-cda2-49db-8b85-0bad894e3cdf,african_storybook,My Baby Boy.,비활성화,그룹 119 중복 (유지판: 386628e1-1d9f-4b48-9cb0-62f256166277)
120,2a5da6b4-6cc9-42cf-ba53-c680f15f2b02,african_storybook,My first day at school,유지,⑤ id 최소 / 비-GDL 복수 / 해상도 동률 2권 / id 최소
120,f1d0568a-cf50-46ed-823a-4730207d2557,african_storybook,My first day at school,비활성화,그룹 120 중복 (유지판: 2a5da6b4-6cc9-42cf-ba53-c680f15f2b02)
121,2d0a0b08-b138-4eaa-940a-60eeaaf9b153,african_storybook,"My Friend, My Enemy",유지,⑤ id 최소 / 비-GDL 복수 / 해상도 동률 2권 / id 최소
121,db8c7fc1-130b-43f8-9c7b-98db4850c36b,african_storybook,"My friend, my enemy",비활성화,그룹 121 중복 (유지판: 2d0a0b08-b138-4eaa-940a-60eeaaf9b153)
122,5d3f4bf4-32a9-4ab3-9af3-174c112b8b0f,gdl,My Friends,비활성화,그룹 122 중복 (유지판: add64ba2-8b81-4e70-9644-2da074293485)
122,add64ba2-8b81-4e70-9644-2da074293485,bloom,My Friends,유지,④ 비-GDL 우선 / 비-GDL 단독
123,27dc97a7-d6b4-4996-afdd-7969cf37d7bd,gdl,No Pigs Allowed,비활성화,그룹 123 중복 (유지판: 405a6862-2189-498e-9cbc-fb1f15060434)
123,405a6862-2189-498e-9cbc-fb1f15060434,bloom,No Pigs Allowed,유지,④ 비-GDL 우선 / 비-GDL 단독
124,00e8d280-7b14-4bda-ab1c-a8943eefa763,gdl,Noisy Crows,비활성화,그룹 124 중복 (유지판: 83a8d5f8-9dc4-4b98-89e8-65452a72df00)
124,83a8d5f8-9dc4-4b98-89e8-65452a72df00,bloom,Noisy Crows,유지,④ 비-GDL 우선 / 비-GDL 단독
125,f70139ec-ba3b-4168-8317-36633d2ec977,african_storybook,Rabbit Under the Tree,비활성화,그룹 125 중복 (유지판: 4d92c034-3e13-4dd6-94d8-f32e4c3a9e85)
125,4d92c034-3e13-4dd6-94d8-f32e4c3a9e85,african_storybook,Run Rabbit Run!,유지,⑤ id 최소 / 비-GDL 복수 / 해상도 동률 2권 / id 최소
126,588f10b2-7f91-49ea-9fe7-8042c25e6429,bloom,"Rain, Rain",유지,④ 비-GDL 우선 / 비-GDL 단독
126,91ca475a-2820-4e18-b37a-c3ba01a0684b,gdl,"Rain, Rain",비활성화,그룹 126 중복 (유지판: 588f10b2-7f91-49ea-9fe7-8042c25e6429)
127,09667119-2bc8-4e61-831a-67b1a0985c25,african_storybook,Result of famine,유지,⑤ id 최소 / 비-GDL 복수 / 해상도 동률 2권 / id 최소
127,33e3511c-1d90-42bd-abb6-fcdf93f8e066,african_storybook,Result of famine,비활성화,그룹 127 중복 (유지판: 09667119-2bc8-4e61-831a-67b1a0985c25)
128,67704acc-039e-4e3d-badb-752dd03a0634,gdl,Rimi's Red Book,유지,③ 표지 해상도 최대 / 전권 GDL / 해상도 440271
128,17fe05c6-a393-4bcb-ac54-01fe189266cb,gdl,Rimis Red Book,비활성화,그룹 128 중복 (유지판: 67704acc-039e-4e3d-badb-752dd03a0634)
129,4fd38ba5-cc25-466b-bfff-4dd735dcdad8,african_storybook,Salemka'an spends her day with wind,유지,⑤ id 최소 / 비-GDL 복수 / 해상도 동률 2권 / id 최소
129,d014cede-54d3-434d-b00f-5e92dab9b37a,african_storybook,Salemka'an spends her day with wind,비활성화,그룹 129 중복 (유지판: 4fd38ba5-cc25-466b-bfff-4dd735dcdad8)
130,15feb865-75a8-4bad-81ba-4adf9f3ab7f4,african_storybook,Sara's Canoe,유지,⑤ id 최소 / 비-GDL 복수 / 해상도 동률 2권 / id 최소
130,f2cf58ee-fb49-4660-a359-28f77bbd0db8,african_storybook,Sara's Canoe,비활성화,그룹 130 중복 (유지판: 15feb865-75a8-4bad-81ba-4adf9f3ab7f4)
132,120b3f23-0c19-4015-93c6-b813f8751366,bloom,Scared Tumi,비활성화,그룹 132 중복 (유지판: ae24c5e9-4f8c-4904-b478-3b85e7673dfb)
132,ae24c5e9-4f8c-4904-b478-3b85e7673dfb,book_dash,Scared Tumi,유지,① 오디오 보유 / 오디오 보유 단독
133,3a754c56-7d6a-4fac-868f-10f28a0f4b1c,african_storybook,Share It Fair!,유지,④ 비-GDL 우선 / 비-GDL 단독
133,d22d86ca-1907-45a0-a459-352b82ab1ecb,gdl,Share it Fair!,비활성화,그룹 133 중복 (유지판: 3a754c56-7d6a-4fac-868f-10f28a0f4b1c)
134,a202b4da-f27e-4af2-bde5-6ae05de39d69,book_dash,Shhhhh!,유지,② book_dash / book_dash 단독
134,afcfab79-101e-41b8-8256-35fa3605c92e,gdl,Shhhhh!,비활성화,그룹 134 중복 (유지판: a202b4da-f27e-4af2-bde5-6ae05de39d69)
135,e3b3c3a0-eeac-472d-b45f-8a823a7a2bc5,gdl,Sister Where Does the Sun Go at Night?,비활성화,그룹 135 중복 (유지판: 165a0db8-edef-4af6-865f-530bc28b7e9f)
135,165a0db8-edef-4af6-865f-530bc28b7e9f,gdl,Sister! Sister! Where Does the Sun Go at Night?,유지,⑤ id 최소 / 전권 GDL / 해상도 동률 2권 / id 최소
136,3f09c4cd-9b0a-421d-bacd-09c74cf7efe7,gdl,"Sister, Sister, Why Don't Things Fall Up?",비활성화,그룹 136 중복 (유지판: 14b63f32-f767-4af5-9fb8-df4e333828e3)
136,14b63f32-f767-4af5-9fb8-df4e333828e3,gdl,"Sister, Sister, Why Don’t Things Fall Up?",유지,⑤ id 최소 / 전권 GDL / 해상도 동률 2권 / id 최소
137,25866d95-5b6c-43f2-912d-845a0f851489,african_storybook,Sizwe's Smile,비활성화,그룹 137 중복 (유지판: bf1cb69a-e1bf-4682-bdbf-c26422073983)
137,bf1cb69a-e1bf-4682-bdbf-c26422073983,book_dash,Sizwe's Smile,유지,① 오디오 보유 / 오디오 보유 단독
138,3eeac8ec-6dd8-4b57-b61b-e79af2c5f991,bloom,Small Bird's BIG Adventure,비활성화,그룹 138 중복 (유지판: aa1ec813-f9b6-4eda-a28d-2b9d3517f191)
138,aa1ec813-f9b6-4eda-a28d-2b9d3517f191,book_dash,Small Bird’s Big Adventure,유지,① 오디오 보유 / 오디오 보유 단독
139,7b80e0fc-0a94-47d3-bb8d-26c82901f498,gdl,Sniffles the Crocodile and Punch the Butterfly,비활성화,그룹 139 중복 (유지판: c6209430-b237-4d0c-b6bb-ed764563e3a1)
139,c6209430-b237-4d0c-b6bb-ed764563e3a1,african_storybook,Sniffles the Crocodile and Punch the Butterfly,유지,④ 비-GDL 우선 / 비-GDL 단독
140,1d472d72-745a-491b-8125-b65786868376,african_storybook,The Baboons That Went This Way and That,유지,⑤ id 최소 / 비-GDL 복수 / 해상도 동률 2권 / id 최소
140,dc04b505-c15b-42f5-b964-d04b8b1b7912,african_storybook,The Baboons That Went This Way and That,비활성화,그룹 140 중복 (유지판: 1d472d72-745a-491b-8125-b65786868376)
141,12387fa9-666c-452a-93a8-5e3bd1f5b8e5,gdl,The Best Nest,비활성화,그룹 141 중복 (유지판: 52c0a717-7afc-41cc-9a3e-b947f0f1c376)
141,52c0a717-7afc-41cc-9a3e-b947f0f1c376,book_dash,The Best Nest,유지,① 오디오 보유 / 오디오 보유 단독
142,d6ab2a25-4550-43f5-8d8c-39ec133b52f2,book_dash,The Box,유지,② book_dash / book_dash 단독
142,fb5359bc-5c00-4256-89a8-9ef935799e98,gdl,The Box,비활성화,그룹 142 중복 (유지판: d6ab2a25-4550-43f5-8d8c-39ec133b52f2)
143,97f8e962-d3f8-4b3b-b4af-31770bf027d3,bloom,The day the Sun went away,유지,③ 표지 해상도 최대 / 비-GDL 복수 / 해상도 358801
143,f7c754cf-047a-4fb9-ac3b-3601e1ca036c,african_storybook,The Day the Sun Went Away,비활성화,그룹 143 중복 (유지판: 97f8e962-d3f8-4b3b-b4af-31770bf027d3)
144,12199f9d-e094-4440-a958-3168cf5417d8,bloom,The Lord is My Shepherd,유지,③ 표지 해상도 최대 / 비-GDL 복수 / 해상도 836466
144,6f2ff944-ffd5-42cd-9d00-dcd6a1af93dc,african_storybook,The Lord is My Shepherd,비활성화,그룹 144 중복 (유지판: 12199f9d-e094-4440-a958-3168cf5417d8)
145,8c712417-f726-414c-860a-accf1595e96d,gdl,The Race,비활성화,그룹 145 중복 (유지판: df155c4f-f6ff-4e09-a772-721a7b4fde00)
145,df155c4f-f6ff-4e09-a772-721a7b4fde00,african_storybook,The Race,유지,④ 비-GDL 우선 / 비-GDL 단독
146,57eadf0f-e621-498d-8ae7-d01f78f49071,book_dash,The Rainbow Cloud,유지,② book_dash / book_dash 단독
146,fff653a2-3ef2-4f72-8ee3-725eb4e8b7a2,african_storybook,The Rainbow Cloud,비활성화,그룹 146 중복 (유지판: 57eadf0f-e621-498d-8ae7-d01f78f49071)
147,5f328534-f027-44be-ab80-5168182ebe63,african_storybook,The Rich Fool,유지,⑤ id 최소 / 비-GDL 복수 / 해상도 동률 2권 / id 최소
147,a240fd0a-137f-425a-8949-3c5380def49d,african_storybook,The Rich Fool,비활성화,그룹 147 중복 (유지판: 5f328534-f027-44be-ab80-5168182ebe63)
148,6460a2b4-baff-4480-9846-92bb643b9652,bloom,The Three Little Kittens,유지,④ 비-GDL 우선 / 비-GDL 단독
148,aabe62b8-ec5e-4567-ac74-b0a806789470,gdl,The Three Little Kittens,비활성화,그룹 148 중복 (유지판: 6460a2b4-baff-4480-9846-92bb643b9652)
149,72debae3-48eb-4f20-be54-c4933527c653,african_storybook,The Tree That Saved the Village of Ombalantu,유지,⑤ id 최소 / 비-GDL 복수 / 해상도 동률 2권 / id 최소
149,b90ac900-6fb8-4f74-abd6-740956e31f99,african_storybook,The Tree That Saved the Village of Ombalantu,비활성화,그룹 149 중복 (유지판: 72debae3-48eb-4f20-be54-c4933527c653)
150,0c26d08b-7e8b-434d-88a0-2e542c45d61f,bloom,They Can Do Many Things,유지,③ 표지 해상도 최대 / 비-GDL 복수 / 해상도 358801 (오적재 판 제외)
150,98ea493b-9d0f-445f-94b1-58ec6939d8cf,bloom,They Can Do Many Things,비활성화,그룹 150 중복 (유지판: 0c26d08b-7e8b-434d-88a0-2e542c45d61f)
151,a9a70a16-fdb8-4e91-8baa-ec2670e5cf7b,bloom,Things we Can Do,비활성화,그룹 151 중복 (유지판: f23b5ca4-9265-4e85-859d-ee7dc6f7ba22)
151,f23b5ca4-9265-4e85-859d-ee7dc6f7ba22,bloom,Things we Can Do,유지,③ 표지 해상도 최대 / 비-GDL 복수 / 해상도 265200
152,2523a201-3606-4b02-91cc-290042580f3c,gdl,This and That,비활성화,그룹 152 중복 (유지판: 42253224-e384-4faf-991b-cfc087e7f612)
152,42253224-e384-4faf-991b-cfc087e7f612,bloom,This and That,유지,④ 비-GDL 우선 / 비-GDL 단독
153,c6ebf5c0-46f9-407a-a0bf-d0033ba0b6e8,gdl,Tikky! Boom! Tish!,비활성화,그룹 153 중복 (유지판: d66510fc-0cef-4a91-bf52-696a4ebb1ff4)
153,d66510fc-0cef-4a91-bf52-696a4ebb1ff4,book_dash,Tikky! Boom! Tish!,유지,① 오디오 보유 / 오디오 보유 단독
154,1120dbb4-ffcf-4ccf-80d6-c8fa7dacd9dd,bloom,Timmy and Pepe,비활성화,그룹 154 중복 (유지판: bdd78464-cdc9-47f5-9225-848c1d67218b)
154,bdd78464-cdc9-47f5-9225-848c1d67218b,bloom,Timmy and Pepe,유지,③ 표지 해상도 최대 / 비-GDL 복수 / 해상도 192878
155,bbc90a08-3cca-4e34-8c98-54234917e04b,gdl,Tone's Big Drop,비활성화,그룹 155 중복 (유지판: 6db82984-8673-4b0f-aafb-662c40a71398)
155,6db82984-8673-4b0f-aafb-662c40a71398,book_dash,Tone’s Big Drop,유지,① 오디오 보유 / 오디오 보유 단독
156,31e3c5bb-d381-48d9-8efb-4453c98c32c6,bloom,Too Big! Too Small!,유지,④ 비-GDL 우선 / 비-GDL 단독
156,7483dd9a-30ae-42db-bcf9-1a8c42117f1d,gdl,"Too Big, Too Small",비활성화,그룹 156 중복 (유지판: 31e3c5bb-d381-48d9-8efb-4453c98c32c6)
157,f5f9e055-ce9a-4eb9-bcbe-056ddc7deed5,book_dash,Tortoise Finds His Home,유지,① 오디오 보유 / 오디오 보유 단독
157,8b6cc55e-93f3-4844-80ab-fa597f0c7043,bloom,Tortoise Finds his House,비활성화,그룹 157 중복 (유지판: f5f9e055-ce9a-4eb9-bcbe-056ddc7deed5)
158,2cd15b61-2bc1-42a6-94b5-5934eb13b7ea,book_dash,Tumi Goes to the Park,유지,① 오디오 보유 / 오디오 보유 단독
158,32d4b15b-facd-455b-9521-cf1c3d2117c5,gdl,Tumi Goes to the Park,비활성화,그룹 158 중복 (유지판: 2cd15b61-2bc1-42a6-94b5-5934eb13b7ea)
159,56ba1664-c04f-4478-933a-e98c6d83d690,african_storybook,"Vayu, the Wind",비활성화,그룹 159 중복 (유지판: 65e5ffd9-8e6f-46ab-8f3a-49174d51f192)
159,65e5ffd9-8e6f-46ab-8f3a-49174d51f192,bloom,"Vayu, the Wind",유지,③ 표지 해상도 최대 / 비-GDL 복수 / 해상도 256372
160,30c86683-ab98-4634-b543-9fdf08ba95f6,bloom,Watch Out! The Tiger is Here!,유지,④ 비-GDL 우선 / 비-GDL 단독
160,f9a7cc69-398d-4bbf-b911-2500a0cbb7b9,gdl,Watch Out! The Tiger is Here!,비활성화,그룹 160 중복 (유지판: 30c86683-ab98-4634-b543-9fdf08ba95f6)
161,0cb8c332-8f0e-4eac-95ef-c6cc650ceb6c,african_storybook,Weather,유지,⑤ id 최소 / 비-GDL 복수 / 해상도 동률 2권 / id 최소
161,cef54ff1-2c65-4128-a91f-686646f55116,african_storybook,Weather,비활성화,그룹 161 중복 (유지판: 0cb8c332-8f0e-4eac-95ef-c6cc650ceb6c)
162,19d11054-dcb2-4a8b-8f9c-f779f109f64c,gdl,What Does Anu See?,비활성화,그룹 162 중복 (유지판: dceba8aa-3865-47a3-9b47-96dd942a45c0)
162,dceba8aa-3865-47a3-9b47-96dd942a45c0,bloom,What Does Anu See?,유지,④ 비-GDL 우선 / 비-GDL 단독
163,4fe74f3e-0f66-4465-b41d-6291b443669e,gdl,What's In the Pot?,비활성화,그룹 163 중복 (유지판: 8836449c-5cca-4557-b277-c1897f86d63b)
163,8836449c-5cca-4557-b277-c1897f86d63b,book_dash,What’s In The Pot?,유지,① 오디오 보유 / 오디오 보유 단독
164,0bd47d70-0d63-4c2b-a6af-14cbe3be272a,gdl,What's Next,비활성화,그룹 164 중복 (유지판: 3f9d5f51-da93-4570-ad12-7c223ccbbe6f)
164,3f9d5f51-da93-4570-ad12-7c223ccbbe6f,book_dash,What’s next?,유지,① 오디오 보유 / 오디오 보유 단독
165,f439efa5-df10-4ba1-803e-fa949afe3e1b,gdl,Who's That Baby?,비활성화,그룹 165 중복 (유지판: 2124c60b-0b1a-4af1-8514-c7dae96460e1)
165,2124c60b-0b1a-4af1-8514-c7dae96460e1,book_dash,Who’s that baby?,유지,① 오디오 보유 / 오디오 보유 단독
166,90921e87-b693-406d-9fe1-81a3261cb633,african_storybook,Zanele Situ: my Story,비활성화,그룹 166 중복 (유지판: c2820fc8-380f-46a4-86c5-9cb18f1179a7)
166,c2820fc8-380f-46a4-86c5-9cb18f1179a7,book_dash,Zanele Situ: My Story,유지,① 오디오 보유 / 오디오 보유 단독
