group_no,matched_by,id,source_platform,title,cover_url,유지추천,추천근거
1,both,fd6bb133-a50d-4fd3-ae84-23b45bc38419,african_storybook,A Dancer's Tale: The Story of Phyllis Spira,https://africanstorybook.org/illustrations/covers/8815.png,,
1,both,02734256-6c7c-4762-98ed-39abdb492567,african_storybook,"Abebech, the female bajaj driver",https://africanstorybook.org/illustrations/covers/23862.png,,
1,both,1b77f024-7453-4fe9-8882-0294919a27ef,african_storybook,Is There Anyone Like Me?,https://africanstorybook.org/illustrations/covers/15363.png,,
1,both,83029b02-3c43-4984-9b1a-29097fce4cba,book_dash,Is There Anyone Like Me?,https://bookdash.github.io/bookdash-books/is-there-anyone-like-me/en/images/cover.jpg,Y,오디오 보유
1,both,7feb558c-8f7c-48dc-b85d-9600988ad197,african_storybook,Letter 'S' makes more,https://africanstorybook.org/illustrations/covers/35645.png,,
1,both,97f8e962-d3f8-4b3b-b4af-31770bf027d3,bloom,The day the Sun went away,https://s3.amazonaws.com/bloomharvest/okuukeremetbooks%40gmail.com%2f8cbf55b5-c0de-490c-84c4-d3dc73bf34cc%2fbloomdigital%2fASP_101_day_the_sun_went_away_0_Page_02_Image_0001.png,,
1,both,f7c754cf-047a-4fb9-ac3b-3601e1ca036c,african_storybook,The Day the Sun Went Away,https://africanstorybook.org/illustrations/covers/14771.png,,
1,both,72debae3-48eb-4f20-be54-c4933527c653,african_storybook,The Tree That Saved the Village of Ombalantu,https://africanstorybook.org/illustrations/covers/2716.png,,
1,both,b90ac900-6fb8-4f74-abd6-740956e31f99,african_storybook,The Tree That Saved the Village of Ombalantu,https://africanstorybook.org/illustrations/covers/2724.png,,
1,both,631f1d5e-ef4b-4ddc-862f-0620abdac6c8,african_storybook,Time,https://africanstorybook.org/illustrations/covers/31995.png,,
2,cover,c3c1b623-7747-48d5-9b31-9e53eb86c6e9,african_storybook,Amina The Super Girl,https://zuwbshdvpnranzheswdn.supabase.co/storage/v1/object/public/book-covers/asb-35626.jpg,,팀장 판단
2,cover,894367c8-3174-49dd-a09f-f22dfd0f18e2,african_storybook,Aria-2,https://zuwbshdvpnranzheswdn.supabase.co/storage/v1/object/public/book-covers/asb-35687.jpg,,팀장 판단
2,cover,d5ccc451-f652-4c49-a12e-38aed1b85865,african_storybook,Bea's first day,https://zuwbshdvpnranzheswdn.supabase.co/storage/v1/object/public/book-covers/asb-38073.jpg,,팀장 판단
2,cover,33899cb2-3e53-450e-8d75-c8157d5c0d9a,african_storybook,Chico's Dress.,https://zuwbshdvpnranzheswdn.supabase.co/storage/v1/object/public/book-covers/asb-37501.jpg,,팀장 판단
2,cover,94590d73-5628-4bcf-99e1-e798810874a3,african_storybook,Ice Cream Story,https://zuwbshdvpnranzheswdn.supabase.co/storage/v1/object/public/book-covers/asb-39256.jpg,,팀장 판단
2,cover,ab563547-fae9-4dfc-bab8-6269e8bc1d6c,african_storybook,Laurentia the Great,https://zuwbshdvpnranzheswdn.supabase.co/storage/v1/object/public/book-covers/asb-37629.jpg,,팀장 판단
2,cover,f9901e6d-631c-44c5-bd53-fdbb88137b5f,african_storybook,The Story Fatima,https://zuwbshdvpnranzheswdn.supabase.co/storage/v1/object/public/book-covers/asb-35588.jpg,,팀장 판단
3,cover,b5b611dd-98c3-4621-bb59-69a6780c79bf,african_storybook,Berry the Bear,https://africanstorybook.org/illustrations/covers/31901.png,,팀장 판단
3,cover,0e4c69fc-c1ae-4415-b444-9e3abfe93fd3,african_storybook,Each one is different,https://africanstorybook.org/illustrations/covers/40334.png,,팀장 판단
3,cover,c4598fd9-58ce-4256-86e5-9aaaafce98a9,african_storybook,Magic Bird,https://africanstorybook.org/illustrations/covers/38842.png,,팀장 판단
3,cover,54059ca0-6e7a-43e6-8c38-feaa419d2267,african_storybook,Pumpkins?,https://africanstorybook.org/illustrations/covers/13935.png,,팀장 판단
3,cover,fe8b2d4a-6666-4deb-9180-49f0ffa6fa32,african_storybook,The cow and his friends,https://africanstorybook.org/illustrations/covers/31300.png,,팀장 판단
3,cover,a0fcf589-82d5-426e-b952-be8a789b131a,african_storybook,The Girl With One Breast,https://africanstorybook.org/illustrations/covers/2677.png,,팀장 판단
4,both,1eed0fae-6362-4dc3-aea1-1f51047bf373,african_storybook,A Dog,https://africanstorybook.org/illustrations/covers/7792.png,,팀장 판단
4,both,740f1ba1-dec9-400e-9796-8effc7c64e7b,bloom,A dog,https://s3.amazonaws.com/bloomharvest/glauredarwindy%40gmail.com%2fc5ba08ff-c462-4d41-8e95-cf8686ec6313%2fbloomdigital%2fASP_311-A_dog_Page_2_Image_0001.png,,팀장 판단
4,both,daa7471c-b583-4863-91bc-0ab1912c09f6,african_storybook,My dog,https://africanstorybook.org/illustrations/covers/24013.png,,팀장 판단
4,both,ef3c71df-1028-4e3e-a3d4-ac74ff65f29b,african_storybook,Papa's  Dog,https://africanstorybook.org/illustrations/covers/13978.png,,팀장 판단
4,both,e4406029-931e-4ddc-938f-da5dcadc9782,african_storybook,Sami My Playful dog,https://africanstorybook.org/illustrations/covers/24593.png,,팀장 판단
5,both,3c61f2e2-2f96-46de-97cf-c07dd48ae0d7,african_storybook,Animals of Uganda,https://africanstorybook.org/illustrations/covers/9988.png,,팀장 판단
5,both,0fe8a424-f2f4-435c-8ee5-21f69a63892d,gdl,Counting Animals,https://content.digitallibrary.io/wp-content/uploads/2022/03/httpsdigitallibrary.iowp-contentuploads20210436558-2d53fe4545becd5d894854649e3e2f40-image_1.jpg,,팀장 판단
5,both,795db11e-7356-46cf-9d19-ab4df92b2c34,african_storybook,Counting animals,https://africanstorybook.org/illustrations/covers/9671.png,,팀장 판단
5,both,668bce5b-cddc-44e2-849a-fce569c46317,african_storybook,Water for all,https://africanstorybook.org/illustrations/covers/34284.png,,팀장 판단
6,both,9c9d46f8-9223-432c-b7f4-1042c7dca4f4,african_storybook,Aria,https://africanstorybook.org/illustrations/covers/35686.png,,팀장 판단
6,both,8a91d89f-7642-4798-b23f-33dc9a3f91e5,african_storybook,I know colors,https://africanstorybook.org/illustrations/covers/31431.png,,팀장 판단
6,both,0d8ea52c-b744-446a-85d8-764453cd35ed,african_storybook,My Body,https://africanstorybook.org/illustrations/covers/9882.png,,팀장 판단
6,both,e6c80444-0a2e-4be2-8e20-12d190e65d93,gdl,My Body,https://content.digitallibrary.io/wp-content/uploads/2023/04/35307-d05e2c60b94c428e076fbad0f2cc2778-coverImage.png,,팀장 판단
7,both,7dfcd2e4-f46d-40af-a1a2-521b0b756f6a,african_storybook,Chess and family roles,https://africanstorybook.org/illustrations/covers/32045.png,,
7,both,bc79b86e-09c9-4bc4-898f-3653f0cafa45,book_dash,Little Ant's Big Plan,https://bookdash.github.io/bookdash-books/little-ants-big-plan/en/images/cover.jpg,Y,오디오 보유
7,both,ea8959ef-8031-4490-a0d7-c1a7b18e370c,african_storybook,Little Ant's Big Plan,https://africanstorybook.org/illustrations/covers/15459.png,,
7,both,d0ba2b71-9290-4e00-aecf-51b53ac4787f,african_storybook,Tortoise meets Worm,https://africanstorybook.org/illustrations/covers/40097.png,,
8,both,3ddac66b-b30e-439c-a620-22ebd4553c04,african_storybook,Colours,https://africanstorybook.org/illustrations/covers/1927.png,,팀장 판단
8,both,8bd2abc7-78fa-4834-82e1-3f3d70122838,bloom,Colours,https://s3.amazonaws.com/bloomharvest/cara_ediger%40sil-lead.org%2f86719656-00fb-416b-8482-793ccafe0364%2fbloomdigital%2fSWPB_95-colours-tell-me-now-series_Page_02_Image_0001.png,,팀장 판단
8,both,e085a251-6694-470a-a2ae-9b5e5a12785b,gdl,Colours,https://content.digitallibrary.io/wp-content/uploads/2022/03/httpsdigitallibrary.iowp-contentuploads20201021025-7c82e3c3967af7cd0fc0bc6c6c18d468-50494d95575d7ac6c404812d38043fcd.jpg,,팀장 판단
8,both,e395f1f4-9a6a-4be6-bf47-c73673c663c2,bloom,Colours,https://s3.amazonaws.com/bloomharvest/ernest_nniakyire%40gillbt.org%2fab1aea58-e2e4-443b-80a1-bddff931eb33%2fbloomdigital%2fSWPB_95-colours-tell-me-now-series_Page_02_Image_0001.png,,팀장 판단
9,both,bd4f2477-69ac-477a-9705-6b80f8b49367,gdl,Disability Is Not Inability,https://content.digitallibrary.io/wp-content/uploads/2022/03/httpsdigitallibrary.iowp-contentuploads20201014505-7c82e3c3967af7cd0fc0bc6c6c18d468-0b9cefec62fd3118a6578d97b0824c26.jpg,,팀장 판단
9,both,d097ab0b-754d-4dd6-9a78-a60235914dfb,bloom,Disability is not inability,https://s3.amazonaws.com/bloomharvest/farhad%40foundationsduhok.com%2fb700877a-f0e4-483b-8e9a-e1b4cd726022%2fbloomdigital%2fimage2.jpg,,팀장 판단
9,both,0c26d08b-7e8b-434d-88a0-2e542c45d61f,bloom,They Can Do Many Things,https://s3.amazonaws.com/bloomharvest/lohorungkushal%40gmail.com%2f985f9b3a-bd32-4eaa-938a-a47c694c1ad7%2fbloomdigital%2fimage1.jpg,,팀장 판단
9,both,98ea493b-9d0f-445f-94b1-58ec6939d8cf,bloom,They Can Do Many Things,https://s3.amazonaws.com/bloomharvest/bethann_carlson%40sil.org%2f8512c734-aac8-4424-9b3e-02effb605e2b%2fbloomdigital%2fimage2.jpg,,팀장 판단
10,title,00e0a3f0-b772-49f4-abed-e61bcd21540d,bloom,The Moon and the Cap,https://s3.amazonaws.com/bloomharvest/M90GN2MBu9%2f1718622628843%2fbloomdigital%2fThe%20Moon%20and%20The%20Cap_Page%20021.jpg,,팀장 판단
10,title,bf60510a-e361-409b-a476-1a657db3dc31,gdl,The Moon and the Cap,https://content.digitallibrary.io/wp-content/uploads/2023/04/34927-02a526e3718a8a48210b48220f03776d-coverImage.jpeg,,팀장 판단
10,title,d828a5e0-4950-4120-9cde-137d2e4dcaa7,african_storybook,The Moon and the Cap,https://africanstorybook.org/illustrations/covers/2154.png,,팀장 판단
10,title,f38a6ef5-54d6-42ef-bc3f-ab9f2a31be69,bloom,The Moon and the Hat,https://s3.amazonaws.com/bloomharvest/bethann_carlson%40sil.org%2f19b38c09-b63b-4e97-aa3e-e4834056ae8f%2fbloomdigital%2fThe%20Moon%20and%20The%20Cap_Cover.jpg,,팀장 판단
11,both,abbecb3e-3660-4d67-bf38-77223e914894,african_storybook,Water,https://africanstorybook.org/illustrations/covers/18966.png,,팀장 판단
11,both,1c304aa3-8292-4eb4-9f7a-ec663dd12de5,bloom,Where is my bat?,https://s3.amazonaws.com/bloomharvest/lumimaftei%40gmail.com%2f1daac76a-b353-459a-a9cc-a2f0f8c8abc8%2fbloomdigital%2fASP_100_where_is_my_bat_Page_01_Image_000111.jpg,,팀장 판단
11,both,5ac92c9b-80e3-4da8-b970-85b0e736163e,african_storybook,Where is my Bat?,https://africanstorybook.org/illustrations/covers/2615.png,,팀장 판단
11,both,e147b8b7-7e32-4aca-9ca5-371f34ae2462,bloom,Where is my bat?,https://s3.amazonaws.com/bloomharvest/XO5qBMpyjZ%2f1767855458181%2fbloomdigital%2fASP_100_where_is_my_bat_Page_02_Image_1.jpg,,팀장 판단
12,cover,69739c11-0d92-4a8a-b15b-b01253a3d06c,bloom,(07) Look at the Animals,https://s3.amazonaws.com/bloomharvest/hendyasiu%40att.net%2fbc9486ea-c355-4655-8662-a018f5d5a9aa%2fbloomdigital%2fimage1.jpg,,팀장 판단
12,cover,11d1054f-265c-4868-8256-2a10fe5962dc,bloom,"Animals, Animals",https://s3.amazonaws.com/bloomharvest/glauredarwindy%40gmail.com%2f6aeee620-14f3-4d0b-9647-10e88b0a5c6b%2fbloomdigital%2fASP_134_animals_animals_1_Page_02_Image_0001.png,,팀장 판단
12,cover,1e7bf076-1de2-41e1-baca-1b0e88c69555,bloom,Tom Keeps Animals,https://s3.amazonaws.com/bloomharvest/bethann_carlson%40sil.org%2f057fb0e4-1ebf-421b-b6cc-cbf520c83501%2fbloomdigital%2fASP_170_Domestic_animals_Page_02_Image_0001.png,,팀장 판단
13,both,af887c49-531a-4d26-9db4-b820648b9b6b,african_storybook,A Hot Saturday,https://africanstorybook.org/illustrations/covers/5394.png,,팀장 판단
13,both,e11550fa-4082-43e0-8f00-681454d31edf,african_storybook,A Hot Saturday,https://africanstorybook.org/illustrations/covers/13453.png,,팀장 판단
13,both,37aee00f-f917-4bc8-a4ed-e90c2cf9f05a,african_storybook,One Hot Saturday Afternoon,https://africanstorybook.org/illustrations/covers/988.png,,팀장 판단
14,cover,35283d41-f3cb-45d2-a64d-53b76458b185,african_storybook,Abike's Day,https://africanstorybook.org/illustrations/covers/21453.png,,팀장 판단
14,cover,646a8062-91ab-41de-8321-c9fd90f3be9d,gdl,Akai's Special Mat,https://content.digitallibrary.io/wp-content/uploads/2022/03/httpsdigitallibrary.iowp-contentuploads20201014457-7c82e3c3967af7cd0fc0bc6c6c18d468-548cd1f0e53925630cb6f9068c9d7155.jpg,,팀장 판단
14,cover,2ffb31fd-f1fb-46bc-8139-974a9807bf8a,african_storybook,Asiimwe's special mat,https://africanstorybook.org/illustrations/covers/31293.png,,팀장 판단
15,cover,deca0a01-1d4d-4fc0-9c33-486cecf09c19,african_storybook,All about friend ship,https://zuwbshdvpnranzheswdn.supabase.co/storage/v1/object/public/book-covers/asb-37186.png,,팀장 판단
15,cover,3a93b9eb-fbd9-44d1-a10e-f73236d0285e,african_storybook,I'm a big girl,https://zuwbshdvpnranzheswdn.supabase.co/storage/v1/object/public/book-covers/asb-37769.png,,팀장 판단
15,cover,ec228579-27cf-4cec-a9d4-61164613986c,african_storybook,The Right Decision,https://zuwbshdvpnranzheswdn.supabase.co/storage/v1/object/public/book-covers/asb-35623.png,,팀장 판단
16,both,18c6ef40-7260-4aff-9db6-fb754c3437a5,african_storybook,Amazing Daisy,https://africanstorybook.org/illustrations/covers/15321.png,,
16,both,c9885925-bd2c-41b1-8fd2-5ae7c7b3dd23,book_dash,Amazing Daisy,https://bookdash.github.io/bookdash-books/amazing-daisy/en/images/cover.jpg,Y,오디오 보유
16,both,ff8469b1-adb1-443a-a042-b70aee14d440,african_storybook,Amazing Daisy,https://africanstorybook.org/illustrations/covers/32309.png,,
17,both,2bf7afb3-1676-4584-9f5b-869f24382cfa,african_storybook,Bird Hunters,https://africanstorybook.org/illustrations/covers/23936.png,,팀장 판단
17,both,9a386b81-8fde-4052-9f95-6087a0f33184,african_storybook,Bird Hunters,https://africanstorybook.org/illustrations/covers/9934.png,,팀장 판단
17,both,44b79846-4678-42ae-b778-5e3971e9b05a,african_storybook,What Colors Do You Like?,https://africanstorybook.org/illustrations/covers/9266.png,,팀장 판단
18,title,18b88728-0b7c-43d7-8d49-ed243da56288,gdl,Bunty and Bubbly,https://content.digitallibrary.io/wp-content/uploads/2023/04/35419-02a526e3718a8a48210b48220f03776d-coverImage.jpeg,,팀장 판단
18,title,3abddfc4-6979-49c1-a7db-1455503f8e2f,bloom,Bunty and Bubbly,https://s3.amazonaws.com/bloomharvest/librarian%40bloomlibrary.org%2faf8da967-c9d1-4311-938b-4a20b8df5403%2fbloomdigital%2fSWPB_143-bunty-and-bubbly_Page_02_Image_0001.png,,팀장 판단
18,title,c6c58313-07a8-4306-9a30-fdccbf787cb7,african_storybook,Bunty and Bubbly,https://africanstorybook.org/illustrations/covers/913.png,,팀장 판단
19,both,82abae25-9cca-48bc-8b3b-7b56884282d2,african_storybook,Buttons,https://africanstorybook.org/illustrations/covers/18810.png,,팀장 판단
19,both,b20df6b9-7b25-40cb-b789-b53a5fc14a23,african_storybook,Buttons,https://africanstorybook.org/illustrations/covers/24702.png,,팀장 판단
19,both,d34eeba2-3bd1-4176-9e72-113a7534455f,african_storybook,Buttons,https://africanstorybook.org/illustrations/covers/24701.png,,팀장 판단
20,both,906ddc10-0988-48ec-9fc0-181c1424a13a,african_storybook,Cats and mice,https://africanstorybook.org/illustrations/covers/40186.png,,팀장 판단
20,both,9872489e-5daa-449e-b1ec-46c2ddbc795b,african_storybook,Cats and Mice,https://africanstorybook.org/illustrations/covers/18942.png,,팀장 판단
20,both,10adc09e-3e96-4572-be81-01a4861f6035,african_storybook,Mice And Cats,https://africanstorybook.org/illustrations/covers/20882.png,,팀장 판단
21,cover,5448655a-a11b-4243-999b-c21a3bd37fd1,african_storybook,Chiefs Versus Aces,https://africanstorybook.org/illustrations/covers/21412.png,,팀장 판단
21,cover,9aed42f2-b10c-4f39-96b8-d7a9bd01b404,african_storybook,Soccer Game,https://africanstorybook.org/illustrations/covers/9825.png,,팀장 판단
21,cover,2b90bc26-0951-450b-8681-8f9248243679,african_storybook,Soccer Game Chiefs and Aces,https://africanstorybook.org/illustrations/covers/9827.png,,팀장 판단
22,cover,5cbc7832-7d72-4bbe-9901-b170fa066177,african_storybook,Crazy Animals,https://zuwbshdvpnranzheswdn.supabase.co/storage/v1/object/public/book-covers/asb-35421.png,,팀장 판단
22,cover,7ca32e75-1503-4756-9cfc-7ecd12b7c797,african_storybook,Farm animals,https://zuwbshdvpnranzheswdn.supabase.co/storage/v1/object/public/book-covers/asb-35428.png,,팀장 판단
22,cover,0dbf9e8d-7261-4356-b272-a693a33df3e5,african_storybook,The Animals,https://zuwbshdvpnranzheswdn.supabase.co/storage/v1/object/public/book-covers/asb-35350.png,,팀장 판단
23,both,922b681b-882b-44fc-80fd-7b9fdce571d0,gdl,Curious Baby Elephant,https://content.digitallibrary.io/wp-content/uploads/2022/03/httpsdigitallibrary.iowp-contentuploads20201014577-7c82e3c3967af7cd0fc0bc6c6c18d468-c0db56b02a147aaf42ceff6aaf9233e1.jpg,,팀장 판단
23,both,e7348182-dcbc-426d-a089-33aa393a213a,bloom,Curious baby elephant,https://s3.amazonaws.com/bloomharvest/marian_hagg%40sil.org%2f1ac0266a-60eb-4838-a25c-68ff3d5ebbae%2fbloomdigital%2fCurious_baby_elephant_Page_02_Image_1.png,,팀장 판단
23,both,d83f0501-6f93-4bf7-b7f4-d55fa9988367,african_storybook,Elephant's Nose,https://africanstorybook.org/illustrations/covers/15093.png,,팀장 판단
24,both,6e5d6bd9-df15-42e8-9982-e9a11d486430,gdl,Donkey And Ox,https://content.digitallibrary.io/wp-content/uploads/2022/03/httpsdigitallibrary.iowp-contentuploads20201014571-7c82e3c3967af7cd0fc0bc6c6c18d468-dd703f8b200d567b475fc1cb3f0fd36e.jpg,,팀장 판단
24,both,65761e3a-0775-45e2-a570-0034615ce68a,african_storybook,Ox and Donkey,https://africanstorybook.org/illustrations/covers/18333.png,,팀장 판단
24,both,a7110831-8b45-482b-bfde-81c59866f597,african_storybook,Ox And Donkey,https://africanstorybook.org/illustrations/covers/21628.png,,팀장 판단
25,title,1c5afcab-5897-426e-8c50-52d404a34739,gdl,Friends,https://content.digitallibrary.io/wp-content/uploads/2022/03/httpsdigitallibrary.iowp-contentuploads20210941110-02a526e3718a8a48210b48220f03776d-coverImage.jpeg,,팀장 판단
25,title,85529f20-8864-4c62-b496-e7d53841d6b5,african_storybook,Friends,https://africanstorybook.org/illustrations/covers/9879.png,,팀장 판단
25,title,dbd27774-7646-4b77-b917-65762a835ff4,bloom,Friends,https://s3.amazonaws.com/bloomharvest/bethann_carlson%40sil.org%2f9c801b5e-a190-43e3-83a1-cabf69346bad%2fbloomdigital%2fASP_128_friends_0_Page_02_Image_0001.png,,팀장 판단
26,both,31d4ffd1-4bcf-4342-b65e-913eaf7350e5,african_storybook,How I got lost at the market,https://africanstorybook.org/illustrations/covers/35413.png,,팀장 판단
26,both,4d2d47c9-6a75-418c-8cbc-667258945124,african_storybook,How I Got Lost At The Market,https://africanstorybook.org/illustrations/covers/21449.png,,팀장 판단
26,both,cf10cbb8-b0ed-4ad0-9fdf-09cebe1e6998,gdl,My First Day at the Market,https://content.digitallibrary.io/wp-content/uploads/2022/03/httpsdigitallibrary.iowp-contentuploads20201014447-7c82e3c3967af7cd0fc0bc6c6c18d468-5883d7a377f04943764f92d657cb80ff.jpg,,팀장 판단
27,both,4c887d97-7e3c-4d4f-b8da-30bdfd2b6f6b,bloom,I Can Climb,https://s3.amazonaws.com/bloomharvest/bethann_carlson%40sil.org%2f2babed54-3cab-489a-a8c5-a4d22d062eb6%2fbloomdigital%2fSWPB_16_i-can-climb_Page_02_Image_0001.png,,팀장 판단
27,both,2ecc2a7d-4cba-4fc6-8104-e2c6ee95ef69,gdl,I Can Climb!,https://content.digitallibrary.io/wp-content/uploads/2022/03/httpsdigitallibrary.iowp-contentuploads20201015497-7c82e3c3967af7cd0fc0bc6c6c18d468-589c66bb3bfb158b9f6f784f36514163.jpg,,팀장 판단
27,both,907a0e7d-ca68-4ab4-ab0b-5d660a7c7fed,bloom,In the Park,https://s3.amazonaws.com/bloomharvest/librarian%40bloomlibrary.org%2fd4a64e1d-afe8-49cd-ab55-b163da7b400e%2fbloomdigital%2fSWPB_307-in-the-park_Page_02_Image_0001.png,,팀장 판단
28,both,4564a9e5-5c3f-44ac-b148-16cf387f8b54,gdl,I Like To Read,https://content.digitallibrary.io/wp-content/uploads/2022/03/httpsdigitallibrary.iowp-contentuploads20201014509-7c82e3c3967af7cd0fc0bc6c6c18d468-603441156b72ed0acf91243c40e2f26b.jpg,,팀장 판단
28,both,b26b1acf-7631-411e-8fc7-576a74f59d57,bloom,I like to read,https://s3.amazonaws.com/bloomharvest/dictionaries_gillbt%40gillbt.org%2fd180f98a-9250-4319-baa0-fd6b8f8458e5%2fbloomdigital%2fASP_175_I_like_to_read_Page_02_Image_0001.png,,팀장 판단
28,both,da64f40e-4064-403b-991c-617cde610c88,african_storybook,I Love to Read,https://africanstorybook.org/illustrations/covers/12413.png,,팀장 판단
29,title,449b587b-4318-4884-8920-b9ceb4446406,gdl,Jobs,https://content.digitallibrary.io/wp-content/uploads/2022/03/httpsdigitallibrary.iowp-contentuploads20210941122-d05e2c60b94c428e076fbad0f2cc2778-coverImage.png,,팀장 판단
29,title,5da2f92d-0c5d-4892-ba26-086af21c01c4,bloom,Jobs,https://s3.amazonaws.com/bloomharvest/joel.mallari%40deped.gov.ph%2f30581cb4-7728-494b-a97a-9587eb8247a2%2fbloomdigital%2fPage%204.jpg,,팀장 판단
29,title,9a64e1eb-9b98-4061-90b5-dd814a218b4f,bloom,Jobs,https://s3.amazonaws.com/bloomharvest/hello%40luckydesign.ie%2fb30b0142-c791-4a52-9a5e-a4d4e4f4bf2a%2fbloomdigital%2fCover.jpg,,팀장 판단
30,both,e8a19292-9f04-47c5-ab1b-9b3038b8a0c9,african_storybook,Kariza's questions,https://africanstorybook.org/illustrations/covers/22197.png,,팀장 판단
30,both,83a228a2-ce33-494d-a6db-fa8c7a899f6d,african_storybook,Step and wash!,https://africanstorybook.org/illustrations/covers/35414.png,,팀장 판단
30,both,dbf4b6d9-099a-4c6e-8da9-71c453916b60,african_storybook,Step and wash!,https://africanstorybook.org/illustrations/covers/34080.png,,팀장 판단
31,cover,ffc12f0d-ba73-4d91-be53-3c096da1b082,african_storybook,Keeper and His Nursery,https://africanstorybook.org/illustrations/covers/13025.png,,팀장 판단
31,cover,59fdcac6-e072-408b-93a6-3bcb514c19c1,gdl,Keeper And His Special Nursery,https://content.digitallibrary.io/wp-content/uploads/2022/03/httpsdigitallibrary.iowp-contentuploads20201014557-7c82e3c3967af7cd0fc0bc6c6c18d468-8c50180efb7633035711b63822eac87c.jpg,,팀장 판단
31,cover,fdb719ae-6536-4922-9d73-81571860e647,african_storybook,Our Animals,https://africanstorybook.org/illustrations/covers/21896.png,,팀장 판단
32,both,75890d66-c900-43fb-bb5a-e2bfcffb58b7,african_storybook,Luwo's House,https://africanstorybook.org/illustrations/covers/32346.png,,팀장 판단
32,both,8bccf2ed-1e2b-4706-a09b-8c977ecd8dc0,bloom,Luwo's House,https://s3.amazonaws.com/bloomharvest/1jWVbi8azo%2f1778675736419%2fbloomdigital%2fLuwo%2011.jpg,,팀장 판단
32,both,3d352d10-a692-4a1f-a648-7d600dbb49c3,bloom,Luwo’s House,https://s3.amazonaws.com/bloomharvest/K76ltcXrob%2f1779888679075%2fbloomdigital%2fLuwo%201.jpg,,팀장 판단
33,both,076d6530-d336-4885-9a5e-4ddf90461d86,african_storybook,My Little Goat (Colour-In),https://africanstorybook.org/illustrations/covers/9885.png,,
33,both,25866d95-5b6c-43f2-912d-845a0f851489,african_storybook,Sizwe's Smile,https://africanstorybook.org/illustrations/covers/8978.png,,
33,both,bf1cb69a-e1bf-4682-bdbf-c26422073983,book_dash,Sizwe's Smile,https://bookdash.github.io/bookdash-books/sizwes-smile/en/images/cover.jpg,Y,오디오 보유
34,both,426312e6-fb6f-4c4f-aa9f-a0083dd68a92,african_storybook,My mother,https://africanstorybook.org/illustrations/covers/32048.png,,팀장 판단
34,both,bf6b2967-a8eb-472f-b36e-089a4366d27f,african_storybook,My mother,https://africanstorybook.org/illustrations/covers/24441.png,,팀장 판단
34,both,625aab17-1784-4dda-86c4-0f8e7d7dee3c,african_storybook,The beauty of a mother,https://africanstorybook.org/illustrations/covers/24673.png,,팀장 판단
35,both,47765b0a-694f-4b29-a037-de984facc223,african_storybook,Our Wonderful World,https://africanstorybook.org/illustrations/covers/2253.png,,팀장 판단
35,both,27f4f971-d9ae-4976-911e-a832c025be49,african_storybook,Our World,https://africanstorybook.org/illustrations/covers/20491.png,,팀장 판단
35,both,fd777194-0a4c-450f-ba3e-4fe3cb16fcd1,african_storybook,Our World,https://africanstorybook.org/illustrations/covers/21712.png,,팀장 판단
36,both,3e025af2-e08d-411a-96ff-cbe6e33b4d1d,bloom,Rain,https://s3.amazonaws.com/bloomharvest/bethann_carlson%40sil.org%2f232b4859-e9d8-497b-90bd-d4d6d1d8e038%2fbloomdigital%2fASP_123_rain_1_Page_02_Image_0001.png,,팀장 판단
36,both,8447373c-62e7-491c-b90d-f075e8fde714,bloom,Rain,https://s3.amazonaws.com/bloomharvest/marian_hagg%40sil.org%2f80850f42-0f82-49db-b834-d3e6fe8caed2%2fbloomdigital%2fASP_123_rain_1_Page_02_Image_0001.png,,팀장 판단
36,both,be4927d8-ef29-4b90-92b5-63050e7e4877,gdl,Rain,https://content.digitallibrary.io/wp-content/uploads/2023/09/38970-2d53fe4545becd5d894854649e3e2f40-image_1.jpg,,팀장 판단
37,both,c4fd2ec5-82c7-4fe9-afe7-03822ba74202,african_storybook,Salamatu spends her day with wind,https://africanstorybook.org/illustrations/covers/35419.png,,팀장 판단
37,both,4fd38ba5-cc25-466b-bfff-4dd735dcdad8,african_storybook,Salemka'an spends her day with wind,https://africanstorybook.org/illustrations/covers/32920.png,,팀장 판단
37,both,d014cede-54d3-434d-b00f-5e92dab9b37a,african_storybook,Salemka'an spends her day with wind,https://africanstorybook.org/illustrations/covers/24754.png,,팀장 판단
38,title,86dbfc5a-7735-4abe-929f-97ec6036b387,african_storybook,True friends,https://zuwbshdvpnranzheswdn.supabase.co/storage/v1/object/public/book-covers/asb-37771.png,,팀장 판단
38,title,c94b6bcf-29a8-4238-a75a-12f6787baede,bloom,True friends,https://s3.amazonaws.com/bloomharvest/8ByJNBbzCF%2f1766229040137%2fbloomdigital%2fSWPB_350-true-friends_Page_2_Image_1.png,,팀장 판단
38,title,fe0e9a59-5369-410a-9256-0761c2808d9f,african_storybook,True Friends,https://zuwbshdvpnranzheswdn.supabase.co/storage/v1/object/public/book-covers/asb-35583.png,,팀장 판단
39,title,92efecf3-2aa2-4857-9b69-c79e5e6efebf,book_dash,What if,https://bookdash.github.io/bookdash-books/what-if/en/images/cover.jpg,Y,오디오 보유
39,title,2153fd1f-413f-4d92-875d-65921838784a,gdl,What if...?,https://content.digitallibrary.io/wp-content/uploads/2023/04/34708-02a526e3718a8a48210b48220f03776d-coverImage.jpeg,,
39,title,69fbf9ac-bd4e-40e2-a046-7f9136e3dd21,gdl,What If?,https://content.digitallibrary.io/wp-content/uploads/2022/03/httpsdigitallibrary.iowp-contentuploads20201015593-7c82e3c3967af7cd0fc0bc6c6c18d468-badd7122aa68d2a339e359f03c03cc51.jpg,,
40,both,39f5decc-aa1e-4fea-a8ce-90c13e1959eb,gdl,Where is My Mother?,https://content.digitallibrary.io/wp-content/uploads/2022/03/httpsdigitallibrary.iowp-contentuploads20201021351-7c82e3c3967af7cd0fc0bc6c6c18d468-18822c6429bd134f30d1d1bc59c992c0.jpg,,팀장 판단
40,both,8ca85744-561b-4098-938c-32cf495cebbe,bloom,Where is My Mother?,https://s3.amazonaws.com/bloomharvest/4h6e5PULlb%2f1775134769041%2fbloomdigital%2fPicture2.jpg,,팀장 판단
40,both,e4933cfc-7af8-4f53-a648-8606f51e8851,bloom,Where is My Mother?,https://s3.amazonaws.com/bloomharvest/Cn0ZRu6Nlp%2f1777997001660%2fbloomdigital%2fPicture2.jpg,,팀장 판단
41,title,79d48c99-3f81-4738-92da-bbc53aa7a296,gdl,Whose House is This?,https://content.digitallibrary.io/wp-content/uploads/2022/03/httpsdigitallibrary.iowp-contentuploads20201021325-7c82e3c3967af7cd0fc0bc6c6c18d468-7d3abad2a15b05808721616c9441898c.jpg,,
41,title,11e426a8-9b20-4941-9b5d-434e97292348,book_dash,Whose shoe is this?,https://zuwbshdvpnranzheswdn.supabase.co/storage/v1/object/public/book-covers/bookdash-whose-shoe-is-this.webp,Y,오디오 보유
41,title,313b9a30-44fb-4035-ae44-93873d3690c4,bloom,Whose shoe is this?,https://s3.amazonaws.com/bloomharvest/SAbuXLPfAD%2f1749017810025%2fbloomdigital%2fwhose-shoe-is-this_page2.jpg,,
42,both,017d6e74-ff54-44df-95e8-11f14b005ab6,bloom,Wild Cat! Wild Cat!,https://s3.amazonaws.com/bloomharvest/lR322jIgeL%2f1748922145631%2fbloomdigital%2fimage1.jpg,,팀장 판단
42,both,d38092cf-a3a6-4160-a6ac-bc3ebc59aa5e,gdl,Wild Cat! Wild Cat!,https://content.digitallibrary.io/wp-content/uploads/2022/03/httpsdigitallibrary.iowp-contentuploads20201017233-7c82e3c3967af7cd0fc0bc6c6c18d468-989e58db2662c9191f01d170bedaab3f.jpg,,팀장 판단
42,both,d743a359-4de5-411a-b9e1-f219a1d13d21,bloom,Wild Cat! Wild Cat!,https://s3.amazonaws.com/bloomharvest/educationforlife%40sil.org%2f4a2049ca-557f-4704-b7d3-fce6fa119795%2fbloomdigital%2fimage1.jpg,,팀장 판단
43,title,bd07f136-b653-4504-938c-e1f78cbdbd54,gdl,"""My fish!"" ""No, my fish!""",https://content.digitallibrary.io/wp-content/uploads/2022/03/httpsdigitallibrary.iowp-contentuploads20201015469-7c82e3c3967af7cd0fc0bc6c6c18d468-55acf182b36e4f72a33016ecbc22001d.jpg,,팀장 판단
43,title,bde8b497-06fd-424c-ae18-4ba17a104257,bloom,"""My fish!"" ""No, my fish!""",https://s3.amazonaws.com/bloomharvest/91aAa9nTS5%2f1770719536381%2fbloomdigital%2fSWPB_53-my-fish-no-my-fish_Page_02_Image_0001.jpg,,팀장 판단
44,title,20eee28a-86e4-45e4-9c52-9575e4f41d8f,gdl,7 Colours of a Rainbow,https://content.digitallibrary.io/wp-content/uploads/2022/03/httpsdigitallibrary.iowp-contentuploads20201017223-7c82e3c3967af7cd0fc0bc6c6c18d468-fdb7c9688dc6dd29e5519f00fe642e6e.jpg,,팀장 판단
44,title,76732ac9-2f18-4c43-b975-9464dce94113,bloom,Colours of a Rainbow,https://s3.amazonaws.com/bloomharvest/educationforlife%40sil.org%2f8b4422c7-2558-4aa2-a551-1cf7366e343c%2fbloomdigital%2fASP_41_coloursofarainbow_Page_01_Image_00011.jpg,,팀장 판단
45,title,0224c5f6-82c2-424f-b2ee-2c857c18fa89,african_storybook,A Careless Man,https://africanstorybook.org/illustrations/covers/12968.png,,팀장 판단
45,title,b372c9d2-55d0-4f89-8b9e-9298b47fdcff,bloom,A careless man,https://s3.amazonaws.com/bloomharvest/glauredarwindy%40gmail.com%2f4c88d493-a3e0-437a-8ee5-7599be7a2b3c%2fbloomdigital%2fASP_80_a_careless_man_Page_02_Image_0001.png,,팀장 판단
46,title,77de020c-ac99-4b7f-b470-b61717c90340,gdl,A Dancer's Tale,https://content.digitallibrary.io/wp-content/uploads/2023/04/35476-02a526e3718a8a48210b48220f03776d-coverImage.jpeg,,
46,title,74b531b1-4aa3-4b91-ae1e-00dd95e7e910,book_dash,A Dancer’s Tale,https://bookdash.github.io/bookdash-books/a-dancers-tale/en/images/cover.jpg,Y,book_dash
47,cover,3b97c77e-e5ba-4e47-85fd-740b81c72925,african_storybook,A day at the market,https://zuwbshdvpnranzheswdn.supabase.co/storage/v1/object/public/book-covers/asb-37874.png,,팀장 판단
47,cover,b8c256d6-bf79-4fd4-ba9a-4ae31a892d9c,african_storybook,TRIP TO THE BAZAAR,https://zuwbshdvpnranzheswdn.supabase.co/storage/v1/object/public/book-covers/asb-40191.png,,팀장 판단
48,title,071d4a45-ecf2-4f24-a644-01955cfd93e7,bloom,A House for Mouse,https://s3.amazonaws.com/bloomharvest/gdPBvX1a7W%2f1743765822108%2fbloomdigital%2fASP_108_a_house_for_mouse_1_Page_02_Image_0001.jpg,,
48,title,52d93876-df1b-4e27-b0e9-02c24a8ed4ea,book_dash,A House for Mouse,https://bookdash.github.io/bookdash-books/a-house-for-mouse/en/images/cover.jpg,Y,book_dash
49,both,b134655b-fd4b-41a5-86a2-a4c6fe7f236b,gdl,A Street or a Zoo?,https://content.digitallibrary.io/wp-content/uploads/2022/03/httpsdigitallibrary.iowp-contentuploads20201015571-7c82e3c3967af7cd0fc0bc6c6c18d468-aa792962f7e2893a52a41e576c1b63c3-1.jpg,,팀장 판단
49,both,6d62d996-ee93-4b29-b2e7-e75f4689a0ce,bloom,"A Street, or a Zoo?",https://s3.amazonaws.com/bloomharvest/okuukeremetbooks%40gmail.com%2f0a38c9cf-0606-4ad4-aefb-8a97c44d62d9%2fbloomdigital%2fSWPB_257-a-street-or-a-zoo_Page_01_Image_0001.jpg,,팀장 판단
50,title,0134f341-7b58-4c7c-b17a-8d4e036dcd72,book_dash,A trip to the tap,https://zuwbshdvpnranzheswdn.supabase.co/storage/v1/object/public/book-covers/bookdash-a-trip-to-the-tap.webp,Y,오디오 보유
50,title,7f8925c4-ccd4-4738-863b-ea20097aa12d,bloom,A Trip to the Tap,https://s3.amazonaws.com/bloomharvest/B1WRiH3kiE%2f1763102884063%2fbloomdigital%2fa-trip-to-the-tap_page2.jpg,,
51,title,099fef93-cf3c-42d0-8a55-4cfcd65f7cd9,gdl,A Very Busy Day,https://content.digitallibrary.io/wp-content/uploads/2023/04/34983-02a526e3718a8a48210b48220f03776d-coverImage.jpeg,,
51,title,3e219305-97f9-49a7-8a80-0c6767145af7,book_dash,A very busy day!,https://zuwbshdvpnranzheswdn.supabase.co/storage/v1/object/public/book-covers/bookdash-a-very-busy-day.webp,Y,오디오 보유
52,title,35e5d037-2b21-4144-8b55-9f9888c4e88c,bloom,A5-Why Can't We Glow Like Fireflies?,https://s3.amazonaws.com/bloomharvest/educationforlife%40sil.org%2f79a4b0d1-2040-40c4-a955-980eaeb6e2cd%2fbloomdigital%2fslice8.jpg,,팀장 판단
52,title,9115e0ff-91fe-45ee-a00b-94c803a10715,gdl,Why Can't We Glow Like Fireflies?,https://content.digitallibrary.io/wp-content/uploads/2023/04/34744-02a526e3718a8a48210b48220f03776d-coverImage.jpeg,,팀장 판단
53,title,6a054991-e52f-4255-b675-7be74dd77543,bloom,Aaloo-Maaloo-Kaaloo,https://s3.amazonaws.com/bloomharvest/lumimaftei%40gmail.com%2fa6372358-e984-4c17-8bdf-f1d7ff8db4a6%2fbloomdigital%2fSWPB_9_aaloo-maaloo-kaaloo_Page_02_Image_000111.png,,팀장 판단
53,title,79022238-2f97-47e3-9490-342166c1fcc2,gdl,Aaloo-Maaloo-Kaaloo,https://content.digitallibrary.io/wp-content/uploads/2022/03/httpsdigitallibrary.iowp-contentuploads20201015607-7c82e3c3967af7cd0fc0bc6c6c18d468-8c9f0371207329ffa6fb450270ac73ba.jpg,,팀장 판단
54,both,50c2d7b6-c273-4fb6-b806-92d4de760aac,african_storybook,Advice from an old man,https://africanstorybook.org/illustrations/covers/36106.png,,팀장 판단
54,both,88829ea5-4595-405a-8c98-ee6d71e901aa,african_storybook,Advice from an old man,https://africanstorybook.org/illustrations/covers/22034.png,,팀장 판단
55,cover,93a08a90-27d6-4459-8b05-17c202a2e086,african_storybook,Akhona and the Rainbow,https://zuwbshdvpnranzheswdn.supabase.co/storage/v1/object/public/book-covers/asb-38098.png,,팀장 판단
55,cover,7cc14006-e366-4e7e-816a-201dda2f76a1,african_storybook,Drawing a rainbow,https://zuwbshdvpnranzheswdn.supabase.co/storage/v1/object/public/book-covers/asb-40252.png,,팀장 판단
56,title,94a7fa50-46d4-4e55-8ee8-43d8782e848a,bloom,Amahle wants to help!,https://s3.amazonaws.com/bloomharvest/sAyekK3nIS%2f1745470056314%2fbloomdigital%2famahle-wants-to-help_page2%20%281280p%29.jpg,,
56,title,f3e5da2f-a04d-4b08-ac81-4dee971c15e8,book_dash,Amahle wants to help!,https://zuwbshdvpnranzheswdn.supabase.co/storage/v1/object/public/book-covers/bookdash-amahle-wants-to-help.webp,Y,오디오 보유
57,cover,5f9a1c44-88c1-45d8-b75b-cad08ac1dc48,african_storybook,Amina and the Principal,https://zuwbshdvpnranzheswdn.supabase.co/storage/v1/object/public/book-covers/asb-35593.jpg,,팀장 판단
57,cover,7bdf547a-0ff7-4324-bf23-8c841eb33820,african_storybook,Healthy,https://zuwbshdvpnranzheswdn.supabase.co/storage/v1/object/public/book-covers/asb-39283.jpg,,팀장 판단
58,cover,2e474a9c-5b58-4f57-9f72-2602ec55c84d,african_storybook,An African mother,https://africanstorybook.org/illustrations/covers/24625.png,,팀장 판단
58,cover,df133490-80a2-4499-8a96-309bf9fe9d9b,african_storybook,My Beautiful Mother,https://africanstorybook.org/illustrations/covers/24220.png,,팀장 판단
59,cover,044a9459-d6bd-48c6-8ca5-4ec334bb6aa9,african_storybook,Anansi and Vulture,https://africanstorybook.org/illustrations/covers/996.png,,팀장 판단
59,cover,f4e5d015-05c3-4e8a-ad1c-8591a5795dc6,african_storybook,Jealous Anansi,https://africanstorybook.org/illustrations/covers/21247.png,,팀장 판단
60,title,c7a9c656-dc93-46a0-b16e-dfbef88e62b7,book_dash,And Also!,https://zuwbshdvpnranzheswdn.supabase.co/storage/v1/object/public/book-covers/bookdash-and-also.webp,Y,book_dash
60,title,fed03c97-9d84-433b-9e29-f028de2be8f1,gdl,And Also!,https://content.digitallibrary.io/wp-content/uploads/2022/05/httpsdigitallibrary.iowp-contentuploads20220547225-2d53fe4545becd5d894854649e3e2f40-image_1.jpg,,
61,cover,7b39da9d-a732-4c14-ae22-43c69bd5e60a,african_storybook,Animal mania,https://zuwbshdvpnranzheswdn.supabase.co/storage/v1/object/public/book-covers/asb-39221.jpg,,팀장 판단
61,cover,2f6882bd-b02e-4bd0-8329-10a62da541aa,african_storybook,WHEN ELEPHANT RULED,https://zuwbshdvpnranzheswdn.supabase.co/storage/v1/object/public/book-covers/asb-40311.jpg,,팀장 판단
62,cover,b8234969-3434-4d12-8457-228c136668ec,african_storybook,Animals Run Away,https://africanstorybook.org/illustrations/covers/20874.png,,팀장 판단
62,cover,c9fecc4e-ca47-4e1f-861d-845050d97e08,african_storybook,Old Rooster,https://africanstorybook.org/illustrations/covers/9545.png,,팀장 판단
63,cover,2f24fffa-240c-4555-a73c-35d46c7fc299,african_storybook,Aniy'amanya the brave girl,https://africanstorybook.org/illustrations/covers/24300.png,,팀장 판단
63,cover,60f09a44-af0f-4c97-9763-b3b7f8a0cf45,african_storybook,Peddy the lazy girl,https://africanstorybook.org/illustrations/covers/24697.png,,팀장 판단
64,title,df646401-b12b-4984-bf0b-d8fac7f250d7,bloom,Annual Haircut Day,https://s3.amazonaws.com/bloomharvest/librarian%40bloomlibrary.org%2f7ccef56e-0191-4b4b-8fd8-08f4ae184bca%2fbloomdigital%2fSWPB_22-annual-haircut-day_Page_02_Image_0001.png,,팀장 판단
64,title,ecf93ed6-7846-4ff1-a19a-189554a49540,gdl,Annual Haircut Day,https://content.digitallibrary.io/wp-content/uploads/2022/03/httpsdigitallibrary.iowp-contentuploads20201015629-7c82e3c3967af7cd0fc0bc6c6c18d468-8701590b347c5a01ae5b7be80e4c872d.jpg,,팀장 판단
65,cover,96435276-a2f2-46da-b5ac-321692526299,african_storybook,Asa The Princess,https://africanstorybook.org/illustrations/covers/21965.png,,팀장 판단
65,cover,72422763-7947-4fbf-b709-c538b666c58b,african_storybook,Princess Asa,https://africanstorybook.org/illustrations/covers/33743.png,,팀장 판단
66,title,4bb8557d-0ad7-4a35-9aba-39f12dc986f1,bloom,Azizi the doll,https://s3.amazonaws.com/bloomharvest/hIW297bgYV%2f1739361169582%2fbloomdigital%2fASP_146_azizi_the_doll_1_Page_02_Image_0001.jpg,,팀장 판단
66,title,a76eb254-fb11-47a9-bdee-d0d58bdd7b38,african_storybook,Azizi the Doll,https://africanstorybook.org/illustrations/covers/9748.png,,팀장 판단
67,cover,3ca67178-f695-4148-891b-b548c6179551,african_storybook,Baby And Cranes,https://africanstorybook.org/illustrations/covers/20910.png,,팀장 판단
67,cover,eba6abaf-003c-4794-bee4-4129f8abf88e,african_storybook,Baby Snatched By Cranes,https://africanstorybook.org/illustrations/covers/8487.png,,팀장 판단
68,title,7139266e-142b-40d6-89b6-b863d0237f92,african_storybook,Bathtub Safari,https://africanstorybook.org/illustrations/covers/9117.png,,
68,title,e50bd660-92c8-4938-b342-b43409bdb99f,book_dash,Bathtub Safari,https://bookdash.github.io/bookdash-books/bathtub-safari/en/images/cover.jpg,Y,오디오 보유
69,cover,53e10dda-3748-4f4f-9fba-81243f755843,african_storybook,Big foot,https://zuwbshdvpnranzheswdn.supabase.co/storage/v1/object/public/book-covers/asb-35430.png,,팀장 판단
69,cover,e76409a3-7cd9-4531-8626-7a96242e2fff,african_storybook,Too Tall,https://zuwbshdvpnranzheswdn.supabase.co/storage/v1/object/public/book-covers/asb-38163.png,,팀장 판단
70,both,0e56cccd-1a40-4e4c-ab5a-3ba6be875f9f,african_storybook,Bohlale's adventure,https://africanstorybook.org/illustrations/covers/37033.png,,팀장 판단
70,both,4114209b-bc43-4ade-b09c-24b1a1ef3b6a,african_storybook,Bohlale's adventure,https://africanstorybook.org/illustrations/covers/36820.png,,팀장 판단
71,title,6a425443-d060-40f3-8195-38aee478f48c,bloom,Busy Ants,https://s3.amazonaws.com/bloomharvest/aliyaraj334%40gmail.com%2f22785a51-5eeb-421f-a52d-0e1fa47ad35f%2fbloomdigital%2f1052-busy-ants_Page_02_Image_0001.png,,팀장 판단
71,title,c48a4d20-b6ea-4020-8a96-7115b4074645,gdl,Busy ants,https://content.digitallibrary.io/wp-content/uploads/2022/03/httpsdigitallibrary.iowp-contentuploads20201015481-7c82e3c3967af7cd0fc0bc6c6c18d468-2393156f9478aff8deff1bb8928afea6.jpg,,팀장 판단
72,cover,9b6cc5eb-9c70-4e0c-b213-e4e5577245ef,african_storybook,Can you see them?,https://africanstorybook.org/illustrations/covers/32011.png,,팀장 판단
72,cover,02e6e2cb-9607-418b-a708-acc580d1b883,african_storybook,Where Is...?,https://africanstorybook.org/illustrations/covers/22681.png,,팀장 판단
73,title,a2adff2c-5106-4cd1-9129-287aef3d25c2,gdl,Catch that Cat,https://content.digitallibrary.io/wp-content/uploads/2023/04/35393-02a526e3718a8a48210b48220f03776d-coverImage.jpeg,,
73,title,56027756-fc5d-45f9-8b8c-fe33727e6089,book_dash,Catch That Cat!,https://zuwbshdvpnranzheswdn.supabase.co/storage/v1/object/public/book-covers/bookdash-catch-that-cat.webp,Y,book_dash
74,title,0155f30d-3020-48d8-b39c-4f3c5c48695a,bloom,Clouds,https://s3.amazonaws.com/bloomharvest/wubuy.edu%40gmail.com%2faa66ad93-d1a3-4f4e-996c-3b98d7b77765%2fbloomdigital%2fvpjhbdsc.1sh.png,,팀장 판단
74,title,88831d12-c665-4a69-afb4-3e2a31ce69da,african_storybook,Clouds,https://africanstorybook.org/illustrations/covers/2122.png,,팀장 판단
75,title,4cfebf70-984b-40dd-b4da-6da41b235f18,gdl,Colorful Birds,https://content.digitallibrary.io/wp-content/uploads/2023/04/35512-02a526e3718a8a48210b48220f03776d-coverImage.jpeg,,팀장 판단
75,title,f0de905d-d804-452f-83c0-a6d0642dbc5a,gdl,Colourful Birds,https://content.digitallibrary.io/wp-content/uploads/2022/03/httpsdigitallibrary.iowp-contentuploads20201021205-7c82e3c3967af7cd0fc0bc6c6c18d468-9fe2b712b698ef09d2c8e5f4fe1a82d2.jpg,,팀장 판단
76,both,31617e8a-708e-4718-b2cf-c7e95e3f697c,bloom,Colours of Nature,https://s3.amazonaws.com/bloomharvest/okuukeremetbooks%40gmail.com%2fade8e83d-9b2a-4bd5-8404-e0a4385a9113%2fbloomdigital%2fSWPB_114-colours-of-nature_Page_02_Image_0001.png,,팀장 판단
76,both,eb1af9d3-cda7-4725-8ac7-5ecf9620b871,bloom,Colours of Nature,https://s3.amazonaws.com/bloomharvest/cara_ediger%40sil-lead.org%2f1b7a882c-9de5-49e5-af0a-007b7d315d3c%2fbloomdigital%2fSWPB_114-colours-of-nature_Page_02_Image_0001.png,,팀장 판단
77,title,ca5f6f07-3448-4d64-b6a1-f60b4860db3e,african_storybook,"Come Back, Cat",https://africanstorybook.org/illustrations/covers/9125.png,,
77,title,f35dd8ae-2408-46c0-8794-f7e931abddab,book_dash,"Come Back, Cat!",https://bookdash.github.io/bookdash-books/come-back-cat/en/images/cover.jpg,Y,오디오 보유
78,cover,61e4c723-3348-4294-9c59-7244454f7841,african_storybook,Crocodile And Dog,https://africanstorybook.org/illustrations/covers/20911.png,,팀장 판단
78,cover,8ba88423-625a-4dc5-9fd3-aa45c961d665,african_storybook,Crocodile and Ngô-Iwa,https://africanstorybook.org/illustrations/covers/32214.png,,팀장 판단
79,title,0a628df6-3816-4f1a-8d1a-aa7a0f8c53cb,gdl,"Dance, Mihlali!",https://content.digitallibrary.io/wp-content/uploads/2022/08/26286-d05e2c60b94c428e076fbad0f2cc2778-coverImage.png,,
79,title,cdd9d224-fe05-4f19-8b91-e1517bfb8e76,book_dash,"Dance, Mihlali!",https://zuwbshdvpnranzheswdn.supabase.co/storage/v1/object/public/book-covers/bookdash-dance-mihlali.webp,Y,오디오 보유
80,title,95be288f-2150-40d9-8f63-34af248c440d,bloom,Dancing,https://s3.amazonaws.com/bloomharvest/j.l.schafer80%40gmail.com%2f22e8ca3b-9cb6-465a-b3ab-5eb0753aab92%2fbloomdigital%2fM_ASP_30%20Dancing_Page_2_Image_0001.png,,팀장 판단
80,title,b829175a-a379-49d5-92da-5dc3402424e1,african_storybook,Dancing,https://africanstorybook.org/illustrations/covers/2183.png,,팀장 판단
81,cover,a6e96eff-de0c-4e9d-806e-e9af7ef79616,african_storybook,Day I left home for the city,https://africanstorybook.org/illustrations/covers/15029.png,,팀장 판단
81,cover,6b1bf2a3-09d6-442b-952e-1f39d08d58d6,african_storybook,Going To The Big City,https://africanstorybook.org/illustrations/covers/21398.png,,팀장 판단
82,cover,4952e655-47ab-4202-88b6-0f4a7abdc3e3,gdl,Didi and the Colorful Treasure,https://content.digitallibrary.io/wp-content/uploads/2022/03/httpsdigitallibrary.iowp-contentuploads20210537986-02a526e3718a8a48210b48220f03776d-coverImage.jpeg,,팀장 판단
82,cover,f2d18625-af56-4203-a499-c51a299b2df4,bloom,Didi's knowledge,https://s3.amazonaws.com/bloomharvest/5qSVBXb0Hn%2f1767768466822%2fbloomdigital%2fSWPB_333-didi-s-knowledge_Page_01_Image_0001.png,,팀장 판단
83,cover,14ef47db-c8aa-47b6-9159-eee87df012bc,african_storybook,Donkey and I book 1,https://zuwbshdvpnranzheswdn.supabase.co/storage/v1/object/public/book-covers/asb-37218.png,,팀장 판단
83,cover,e15c2160-6c9b-4dea-9825-36da9a82ee52,african_storybook,THE TRAPPED RAT,https://zuwbshdvpnranzheswdn.supabase.co/storage/v1/object/public/book-covers/asb-40074.png,,팀장 판단
84,cover,6dc1afff-043c-4cb9-a5c7-bbbb8bfe2bcb,african_storybook,Drum,https://africanstorybook.org/illustrations/covers/22191.png,,팀장 판단
84,cover,8f3b5222-b0a2-4491-97e4-70880763d2f8,african_storybook,This is Norah,https://africanstorybook.org/illustrations/covers/16120.png,,팀장 판단
85,cover,613f4c80-a60f-4c42-9159-a66fabf0d1f0,african_storybook,Duma says wash your hands!,https://africanstorybook.org/illustrations/covers/35268.png,,팀장 판단
85,cover,71d0c7aa-b728-495d-8b02-158fc8fed09b,african_storybook,Duma says wear a mask!,https://africanstorybook.org/illustrations/covers/35267.png,,팀장 판단
86,cover,63feaab8-1e64-497f-b3f9-cbb6bde4f095,african_storybook,Eagle's Needle,https://africanstorybook.org/illustrations/covers/19260.png,,팀장 판단
86,cover,32274f92-bef6-4649-af7d-18f6cdb1f2a7,african_storybook,Hen and Eagle,https://africanstorybook.org/illustrations/covers/2084.png,,팀장 판단
87,title,0ec7dceb-698d-4469-8595-83200cacab71,gdl,Egg,https://content.digitallibrary.io/wp-content/uploads/2023/04/35059-02a526e3718a8a48210b48220f03776d-coverImage.jpeg,,
87,title,c478f548-1cfd-4ab3-8477-24e4c0abc278,book_dash,Egg,https://zuwbshdvpnranzheswdn.supabase.co/storage/v1/object/public/book-covers/bookdash-egg.webp,Y,오디오 보유
88,cover,a20ede67-608b-468e-b1f3-bbd82bcb6286,african_storybook,Fana And Her Animals,https://africanstorybook.org/illustrations/covers/21004.png,,팀장 판단
88,cover,6d1c0d18-21d0-4012-bfc6-db261825ac44,african_storybook,Fana Loves Animals,https://africanstorybook.org/illustrations/covers/21396.png,,팀장 판단
89,title,33a49ad1-c210-437f-aa9d-56993bfa43af,bloom,Fat King Thin Dog,https://s3.amazonaws.com/bloomharvest/cara_ediger%40sil-lead.org%2f8f0e7b55-73c4-41b0-9095-65d25ece1f2f%2fbloomdigital%2fSWPB_20_fat-king-thin-dog_Page_02_Image_0001.jpg,,팀장 판단
89,title,80e15d9a-38a5-4ff1-afdf-b70bd2276424,gdl,Fat King Thin Dog,https://content.digitallibrary.io/wp-content/uploads/2022/06/httpsdigitallibraryio.comwp-contentuploads20201015583-7c82e3c3967af7cd0fc0bc6c6c18d468-203f42d071384a90f2d64cb233e747d5.jpg,,팀장 판단
90,title,5f6c5d5c-1c8e-47bc-991c-a0998f71da4c,african_storybook,Fire on the mountain,https://africanstorybook.org/illustrations/covers/36667.png,,팀장 판단
90,title,b0283a0b-5836-498f-9086-70e81e7c91c2,african_storybook,Fire on the mountain,https://zuwbshdvpnranzheswdn.supabase.co/storage/v1/object/public/book-covers/asb-32179.png,,팀장 판단
91,title,3cb2f300-24d8-413f-90ab-b7e29ef97d5e,gdl,Foxy Joxy Plays a Trick,https://content.digitallibrary.io/wp-content/uploads/2022/03/httpsdigitallibrary.iowp-contentuploads20210436534-2d53fe4545becd5d894854649e3e2f40-image_1.jpg,,
91,title,e6fc9794-5ba4-4aa0-b157-1c1ff1d7212a,book_dash,Foxy Joxy Plays a Trick,https://zuwbshdvpnranzheswdn.supabase.co/storage/v1/object/public/book-covers/bookdash-foxy-joxy-plays-a-trick.webp,Y,오디오 보유
92,both,3a999f45-8ace-45ac-831a-db5875499c68,african_storybook,Fruits of Freedom,https://africanstorybook.org/illustrations/covers/19885.png,,팀장 판단
92,both,ecdc2c27-82ab-4de8-8210-174e83b7731d,african_storybook,Fruits of freedom,https://africanstorybook.org/illustrations/covers/35550.png,,팀장 판단
93,title,2af45e9a-421a-4474-816a-f45808ccff89,bloom,"Goat, Dog and Cow",https://s3.amazonaws.com/bloomharvest/chrisndingu34%40gmail.com%2f1e05b104-7886-4654-829e-29863d35b831%2fbloomdigital%2fGoat%20Dog%20Cow%201.png,,팀장 판단
93,title,de3e9bf0-066a-4729-a059-11e428830a33,african_storybook,"Goat, Dog and Cow",https://africanstorybook.org/illustrations/covers/31498.png,,팀장 판단
94,cover,a0b4b09c-1322-4300-9955-a0571c28c320,gdl,Grandma's Bananas,https://content.digitallibrary.io/wp-content/uploads/2022/03/httpsdigitallibrary.iowp-contentuploads20201014445-7c82e3c3967af7cd0fc0bc6c6c18d468-3ff44ccbcaaff970d87d46d5fd3dd818.jpg,,팀장 판단
94,cover,a0e6ead1-6497-49dd-a954-7e71964f3c76,african_storybook,I Learnt A Lesson,https://africanstorybook.org/illustrations/covers/21792.png,,팀장 판단
95,cover,bd687d90-1ced-4a40-a939-e40dca3a6176,african_storybook,Grandmother's Stories,https://africanstorybook.org/illustrations/covers/19109.png,,팀장 판단
95,cover,a1a0ebe8-fd75-4e91-84f6-63664a19a92f,african_storybook,"Grandmother, Hare And Elephant",https://africanstorybook.org/illustrations/covers/20883.png,,팀장 판단
96,title,c0ca9816-36ee-433e-8381-1a1d7712fc3f,book_dash,Grandpa's Gold,https://bookdash.github.io/bookdash-books/grandpas-gold/en/images/cover.jpg,Y,오디오 보유
96,title,f5c3ab88-f9ad-4c6f-803f-b8adb31d5f12,gdl,Grandpa's Gold,https://content.digitallibrary.io/wp-content/uploads/2023/04/35279-d05e2c60b94c428e076fbad0f2cc2778-coverImage.png,,
97,cover,4275096a-37ab-439c-9c7e-6bfb0f438e0e,african_storybook,Granny and the angel.,https://zuwbshdvpnranzheswdn.supabase.co/storage/v1/object/public/book-covers/asb-36721.png,,팀장 판단
97,cover,34dfe6e8-828c-4193-9861-3e0c99f5b60c,african_storybook,THE OLD WOMAN AND THE FAIRY,https://zuwbshdvpnranzheswdn.supabase.co/storage/v1/object/public/book-covers/asb-40449.png,,팀장 판단
98,title,a07ea78a-8ec2-4ef0-bb5a-44168d7b8882,bloom,Happy and Sad,https://s3.amazonaws.com/bloomharvest/cara_ediger%40sil-lead.org%2fb01521d4-d283-46be-8ebc-91eb93147d16%2fbloomdigital%2fSWPB_57-happy-and-sad-tell-me-now-series_Page_02_Image_0001.png,,팀장 판단
98,title,c697f90d-2eab-4251-b87a-d244f8d6bd86,african_storybook,Happy and Sad,https://africanstorybook.org/illustrations/covers/1904.png,,팀장 판단
99,cover,ea8264e3-684d-425a-a3c8-eb0f00536f64,african_storybook,Hare And Hyena,https://africanstorybook.org/illustrations/covers/9796.png,,팀장 판단
99,cover,80ea6bcc-d82f-4a01-9134-c414abd4a405,african_storybook,Hare And Hyena Grow Crops,https://africanstorybook.org/illustrations/covers/20885.png,,팀장 판단
100,title,1619dcb3-b519-4148-a436-62afe2bc597b,gdl,Hello,https://content.digitallibrary.io/wp-content/uploads/2023/04/35468-d05e2c60b94c428e076fbad0f2cc2778-coverImage.png,,
100,title,952a8b40-7487-4259-9d4e-f2c093dff525,book_dash,Hello,https://zuwbshdvpnranzheswdn.supabase.co/storage/v1/object/public/book-covers/bookdash-hello.webp,Y,오디오 보유
101,title,99488d00-a42d-42a1-9572-b6600161e74b,gdl,Helping Mother,https://content.digitallibrary.io/wp-content/uploads/2023/04/35281-d05e2c60b94c428e076fbad0f2cc2778-coverImage.png,,팀장 판단
101,title,3191704c-e927-45f2-afeb-cec04d567cbc,gdl,Helping Others,https://content.digitallibrary.io/wp-content/uploads/2022/03/httpsdigitallibrary.iowp-contentuploads20210941114-02a526e3718a8a48210b48220f03776d-coverImage.jpeg,,팀장 판단
102,cover,29838a6a-f4b7-4294-8ba1-59795bed093c,african_storybook,Henry Had No Home,https://africanstorybook.org/illustrations/covers/21378.png,,팀장 판단
102,cover,14507019-1eeb-4d31-9058-727f2954da99,african_storybook,My Brothers and I,https://africanstorybook.org/illustrations/covers/14239.png,,팀장 판단
103,cover,6bfbb68a-8ffe-4b1f-a289-435553acc8c4,gdl,Holidays With Grandmother,https://content.digitallibrary.io/wp-content/uploads/2022/03/httpsdigitallibrary.iowp-contentuploads20201014531-7c82e3c3967af7cd0fc0bc6c6c18d468-3ff226f4cc0bdad480bbfa8bea945d13.jpg,,팀장 판단
103,cover,84a59101-ded0-454a-8877-a0a71df94240,african_storybook,Visiting Grandmother,https://africanstorybook.org/illustrations/covers/21448.png,,팀장 판단
104,title,9c60ca6d-7112-47cf-a3b1-68f398690cb2,african_storybook,Home Alone,https://africanstorybook.org/illustrations/covers/31637.png,,팀장 판단
104,title,b0a9ccb5-9a7d-42b1-8981-585166bf657f,african_storybook,Home Alone,https://africanstorybook.org/illustrations/covers/22742.png,,팀장 판단
105,title,27c84efc-f68a-4a76-bef1-17acfbcc5a19,book_dash,How About You?,https://bookdash.github.io/bookdash-books/how-about-you/en/images/cover.jpg,Y,오디오 보유
105,title,bc724ff7-9115-4974-aa67-f74b7cbd882c,african_storybook,How About You?,https://africanstorybook.org/illustrations/covers/15340.png,,
106,title,24b4eee5-24f6-4f92-8ab2-f70c757c2c19,bloom,How Ant Saved Dove,https://s3.amazonaws.com/bloomharvest/intern%40littlezebrabooks.com%2fb8b72cfb-8922-41c0-a168-a9c6fd299318%2fbloomdigital%2fAnt%201.png,,팀장 판단
106,title,8ee81db7-e020-4192-b455-4ed268db462d,gdl,How Ant Saved Dove,https://content.digitallibrary.io/wp-content/uploads/2022/03/httpsdigitallibrary.iowp-contentuploads20201014439-7c82e3c3967af7cd0fc0bc6c6c18d468-b9d81c404a7f7a36a20dc824157799cf.jpg,,팀장 판단
107,both,859f618c-1cb2-47a4-b65f-d239f46c5af0,gdl,How Do Aeroplanes Fly?,https://content.digitallibrary.io/wp-content/uploads/2022/03/httpsdigitallibrary.iowp-contentuploads20201015839-7c82e3c3967af7cd0fc0bc6c6c18d468-67ca257395978a47098fbccbfefac1a1.jpg,,팀장 판단
107,both,b82ed0b4-7e26-491e-8ade-0817b8b967c7,gdl,How do Airplanes Fly?,https://content.digitallibrary.io/wp-content/uploads/2023/04/35101-02a526e3718a8a48210b48220f03776d-coverImage.jpeg,,팀장 판단
108,title,3cb0279f-e003-4ab8-b0b5-82452bc6735b,gdl,How Do You Sleep?,https://content.digitallibrary.io/wp-content/uploads/2023/04/35223-02a526e3718a8a48210b48220f03776d-coverImage.jpeg,,
108,title,40d0c8d8-4105-4f11-b537-af9f228fc944,book_dash,How do you sleep?,https://zuwbshdvpnranzheswdn.supabase.co/storage/v1/object/public/book-covers/bookdash-how-do-you-sleep.webp,Y,book_dash
109,title,353c8f3d-7933-4b0e-9bd3-0f916f3fee93,bloom,How do you want your eggs?,https://s3.amazonaws.com/bloomharvest/vsgb9DGb0k%2f1747111713606%2fbloomdigital%2fhow-do-you-want-your-eggs_page2%20%281280p%29.jpg,,
109,title,c00bcc44-4c53-4972-a7a3-15c81082281d,book_dash,How do you want your eggs?,https://zuwbshdvpnranzheswdn.supabase.co/storage/v1/object/public/book-covers/bookdash-how-do-you-want-your-eggs.webp,Y,오디오 보유
110,title,2dd818e1-4b4f-45eb-8730-d6a7ed40793c,bloom,How to Catch the Wind,https://s3.amazonaws.com/bloomharvest/3CAbXV6Vr7%2f1765465792648%2fbloomdigital%2fPicture1.jpg,,팀장 판단
110,title,5338ad48-80af-4284-bcb1-041803948193,bloom,How to Catch the Wind,https://s3.amazonaws.com/bloomharvest/5GlpE461Ib%2f1772777186214%2fbloomdigital%2fPicture2.jpg,,팀장 판단
111,title,116f5a2b-bc0f-4315-bede-c603b4436ae0,bloom,How to Tame a Monster,https://s3.amazonaws.com/bloomharvest/e8MeGx4VAe%2f1743855703201%2fbloomdigital%2fhow-to-tame-a-monster_page2%20%281280p%29.jpg,,
111,title,4bfa8594-c4a7-417e-ab73-b6d29c6e1cf6,book_dash,How to Tame a Monster,https://zuwbshdvpnranzheswdn.supabase.co/storage/v1/object/public/book-covers/bookdash-how-to-tame-a-monster.webp,Y,오디오 보유
112,cover,3a6c82ee-dda8-448c-9455-8cd8af26b597,african_storybook,Hyena and Monkey,https://africanstorybook.org/illustrations/covers/20155.png,,팀장 판단
112,cover,3c548eb3-26c1-4769-9304-98206b16c9d7,african_storybook,Monkey And Hyena,https://africanstorybook.org/illustrations/covers/21395.png,,팀장 판단
113,cover,c93b434b-4f8f-403b-89e1-ec3d38d382c4,african_storybook,"Hyena, Hare And Their Basins",https://africanstorybook.org/illustrations/covers/19194.png,,팀장 판단
113,cover,eaaf9945-1874-4dd6-bbd9-a341137d5fb3,african_storybook,Wayan and the turtles,https://africanstorybook.org/illustrations/covers/34111.png,,팀장 판단
114,cover,39bfd8c9-10bb-4111-b8ad-6427973245ac,bloom,I Can,https://s3.amazonaws.com/bloomharvest/mstr.jg%40gmail.com%2f1f3f6013-b9fc-4652-9637-71291cef5143%2fbloomdigital%2f1%20I%20smell%20%28Large%29.jpg,,팀장 판단
114,cover,e24df248-22a8-4e0c-919b-fb8299a495b3,bloom,I Can Do,https://s3.amazonaws.com/bloomharvest/educationforlife%40sil.org%2f6cf3a8db-eed5-40ec-80f1-d686964b2e43%2fbloomdigital%2f1%20I%20smell%20%28Large%29.jpg,,팀장 판단
115,title,9740707d-dce8-4132-ac9a-12690d8b3c37,gdl,I Can Help!,https://content.digitallibrary.io/wp-content/uploads/2022/03/httpsdigitallibrary.iowp-contentuploads20201015609-7c82e3c3967af7cd0fc0bc6c6c18d468-a9ed068608a710f037e63788bcb8cbd9.jpg,,팀장 판단
115,title,e44bf88a-3f5f-4c05-a737-386bdffa4b4d,bloom,I Can Help!,https://s3.amazonaws.com/bloomharvest/okuukeremetbooks%40gmail.com%2f43f98ac5-0061-40a5-969e-dbec2f5d6cb4%2fbloomdigital%2fM_PB_10-i-can-help_Page_02_Image_0001.png,,팀장 판단
116,title,7c9a57c5-155d-46bc-9e39-b46ca851d7d3,bloom,I Can Make Things!,https://s3.amazonaws.com/bloomharvest/Mnwi5OU2jI%2f1767769581077%2fbloomdigital%2fSWPB_68-i-can-make-things_Page_02_Image_1.png,,팀장 판단
116,title,8e70dcc7-8424-479e-9816-7a4ee99175a7,gdl,I Can Make Things!,https://content.digitallibrary.io/wp-content/uploads/2022/03/httpsdigitallibrary.iowp-contentuploads20201015539-7c82e3c3967af7cd0fc0bc6c6c18d468-62167a3a31cce579b568b6c10270f633.jpg,,팀장 판단
117,cover,4591b1b7-b03e-4116-ae96-a143fdea0eb1,african_storybook,Kaldi and the coffee fruit,https://africanstorybook.org/illustrations/covers/22410.png,,팀장 판단
117,cover,d3b53a69-743b-4a31-9458-488eaaafe167,african_storybook,The coffee legend,https://africanstorybook.org/illustrations/covers/22315.png,,팀장 판단
118,cover,5e263dc9-5691-417d-a49d-aa74b8c25d97,african_storybook,Khosi the School Librarian,https://africanstorybook.org/illustrations/covers/40795.png,,팀장 판단
118,cover,a4747a53-dd60-4716-843f-d1eeada790bd,african_storybook,Things I Do at School,https://africanstorybook.org/illustrations/covers/22116.png,,팀장 판단
119,cover,789842ed-4652-481b-b118-cdaf72c4995e,african_storybook,Kids Who Care,https://africanstorybook.org/illustrations/covers/35213.png,,팀장 판단
119,cover,08a8c5f4-07d9-4240-9d7c-fc1726771191,african_storybook,What can we do?,https://africanstorybook.org/illustrations/covers/35254.png,,팀장 판단
120,both,88d6fd63-139b-469c-87da-06ed49f80e72,gdl,Knight Times,https://content.digitallibrary.io/wp-content/uploads/2023/04/35011-02a526e3718a8a48210b48220f03776d-coverImage.jpeg,,
120,both,f50cd955-b36f-469e-8239-e30ff007a629,book_dash,Knight Times,https://zuwbshdvpnranzheswdn.supabase.co/storage/v1/object/public/book-covers/bookdash-knight-times.webp,Y,오디오 보유
121,both,1252ee12-ec89-4377-8b66-04259aae2b24,book_dash,Lara the Yellow Ladybird,https://bookdash.github.io/bookdash-books/lara-the-yellow-ladybird/en/images/cover.jpg,Y,오디오 보유
121,both,46745157-19a0-4bd9-b94d-f2dd3f9a8788,gdl,Lara the Yellow Ladybird,https://content.digitallibrary.io/wp-content/uploads/2023/04/35361-d05e2c60b94c428e076fbad0f2cc2778-coverImage.png,,
122,title,54a7b2a4-48d1-4214-a03f-9a88e7a28887,gdl,Lebo and Gogo's Tea Party,https://content.digitallibrary.io/wp-content/uploads/2023/04/35706-02a526e3718a8a48210b48220f03776d-coverImage.jpeg,,
122,title,cf3733f9-5fb2-410a-90a8-2322e25ae2f3,book_dash,Lebo and Gogo’s Tea Party,https://zuwbshdvpnranzheswdn.supabase.co/storage/v1/object/public/book-covers/bookdash-lebo-and-gogos-tea-party.webp,Y,오디오 보유
123,title,d45be6f3-e462-4b64-8612-860930271929,gdl,Let's Be Friends,https://content.digitallibrary.io/wp-content/uploads/2023/04/35415-02a526e3718a8a48210b48220f03776d-coverImage.jpeg,,
123,title,a8aa157b-cbd6-4e85-bdec-2fca0a8f0671,book_dash,Let’s be Friends,https://zuwbshdvpnranzheswdn.supabase.co/storage/v1/object/public/book-covers/bookdash-lets-be-friends.webp,Y,오디오 보유
124,title,876e79a2-94ad-4ffd-b3b7-1f6402dbc24c,gdl,Let's Fly,https://content.digitallibrary.io/wp-content/uploads/2022/03/httpsdigitallibrary.iowp-contentuploads20201021531-7c82e3c3967af7cd0fc0bc6c6c18d468-5f3e3d32f815cf193f3c2d08823359cc.jpg,,팀장 판단
124,title,79bbf1dc-eec1-4a7a-abde-ccd55a6da314,african_storybook,Let's fly!,https://africanstorybook.org/illustrations/covers/37129.png,,팀장 판단
125,cover,dc5ebe8d-9d12-45c3-98ab-d10ab4317849,african_storybook,Letter to Mum,https://africanstorybook.org/illustrations/covers/2134.png,,팀장 판단
125,cover,fbd13503-0242-488f-b3e8-6e8b228397dd,african_storybook,Waiting For Baby,https://africanstorybook.org/illustrations/covers/21452.png,,팀장 판단
126,title,1d657bdc-8960-408b-b4d8-9a8ecf4492e4,gdl,Listen to My Body,https://content.digitallibrary.io/wp-content/uploads/2023/04/35524-02a526e3718a8a48210b48220f03776d-coverImage.jpeg,,팀장 판단
126,title,de167412-67fd-4a2a-a5e7-c14faba05983,bloom,Listen to my Body,https://s3.amazonaws.com/bloomharvest/librarian%40bloomlibrary.org%2f46326cbb-ba36-4691-9754-c1585bd0adc2%2fbloomdigital%2fListen%20to%20My%20Body_Page%2002.jpg,,팀장 판단
127,title,a58e31bf-f436-4180-bee3-9570b44cc7ee,bloom,Little Dog,https://s3.amazonaws.com/bloomharvest/bethann_carlson%40sil.org%2fca4bde0c-7a5b-47a6-9b02-7b7f70afed3a%2fbloomdigital%2fimage.png,,팀장 판단
127,title,d88111a3-fc33-4b32-8e72-378c24c6a9ea,african_storybook,Little Dog,https://africanstorybook.org/illustrations/covers/2387.png,,팀장 판단
128,cover,4f356456-16f2-4b2d-877a-c93bfabf1d01,african_storybook,Little Frog,https://africanstorybook.org/illustrations/covers/34450.png,,팀장 판단
128,cover,ccc33c90-c45f-417c-8173-ef7c3a8beac0,african_storybook,The magic fish,https://africanstorybook.org/illustrations/covers/38177.png,,팀장 판단
129,title,1d128e9d-5313-4fc9-a555-3ad2d4743e0f,book_dash,Little Goat,https://zuwbshdvpnranzheswdn.supabase.co/storage/v1/object/public/book-covers/bookdash-little-goat.webp,Y,book_dash
129,title,42f00bf9-eab1-4cb4-99e7-f94cab7b25e4,gdl,Little Goat,https://content.digitallibrary.io/wp-content/uploads/2023/04/34798-d05e2c60b94c428e076fbad0f2cc2778-coverImage.png,,
130,both,6beab748-117c-4f5b-9c76-eeb7bd556d1f,african_storybook,Little Jojo's Long Tall Tale,https://africanstorybook.org/illustrations/covers/20147.png,,팀장 판단
130,both,9ce14d9c-44b4-4028-abf2-22642fbe9f07,african_storybook,Little Jojo's Long Tall Tale,https://africanstorybook.org/illustrations/covers/19923.png,,팀장 판단
131,title,29d0d46a-6d8c-4793-93da-43789f143ab3,bloom,Little Painters,https://s3.amazonaws.com/bloomharvest/okuukeremetbooks%40gmail.com%2f5e6546b9-dea5-4d32-80dd-ce5e29fb0b35%2fbloomdigital%2fimage1.jpg,,팀장 판단
131,title,6001f88c-4de1-43c5-b8b8-aeb80fc8754d,gdl,Little Painters,https://content.digitallibrary.io/wp-content/uploads/2022/03/httpsdigitallibrary.iowp-contentuploads20201015459-7c82e3c3967af7cd0fc0bc6c6c18d468-960a52edbe1f105afbada160eef53e45.jpg,,팀장 판단
132,both,cdd9dc87-2303-4542-9b28-9d3a3eafa94f,gdl,"Look out, Luthando",https://content.digitallibrary.io/wp-content/uploads/2023/04/35417-02a526e3718a8a48210b48220f03776d-coverImage.jpeg,,
132,both,4fd1c428-bf99-47b0-9da0-26161c91cd4c,book_dash,"Look out, Luthando!",https://zuwbshdvpnranzheswdn.supabase.co/storage/v1/object/public/book-covers/bookdash-look-out-luthando.webp,Y,오디오 보유
133,title,bc6ccfd8-f790-40c5-ac4e-74392d830b4e,gdl,Look Up,https://content.digitallibrary.io/wp-content/uploads/2023/04/34682-02a526e3718a8a48210b48220f03776d-coverImage.jpeg,,
133,title,0cb08289-1f83-4070-bd84-ab447c1ae6cd,book_dash,Look up!,https://zuwbshdvpnranzheswdn.supabase.co/storage/v1/object/public/book-covers/bookdash-look-up.webp,Y,book_dash
134,title,b00a5b46-7616-4373-a9a7-58c1b176c386,book_dash,Lory Dory,https://bookdash.github.io/bookdash-books/lory-dory/en/images/cover.jpg,Y,오디오 보유
134,title,ec546d5e-90ef-4a9d-9c91-9abc201d808d,african_storybook,Lory Dory,https://africanstorybook.org/illustrations/covers/15523.png,,
135,title,716f8b16-3b8c-457e-bbd5-3fc6c8e4f228,african_storybook,Losing my mother,https://africanstorybook.org/illustrations/covers/24580.png,,팀장 판단
135,title,af924b5f-c8ea-4ede-ae83-6f37a440277a,african_storybook,Losing my mother,https://africanstorybook.org/illustrations/covers/32049.png,,팀장 판단
136,title,92ff2e4b-2f51-4d7b-bfc3-d88b762ae52e,gdl,Lost and Found,https://content.digitallibrary.io/wp-content/uploads/2023/04/35397-02a526e3718a8a48210b48220f03776d-coverImage.jpeg,,팀장 판단
136,title,fb98c905-9a71-4d1f-a327-f29b41288f80,bloom,Lost and Found,https://s3.amazonaws.com/bloomharvest/cara_ediger%40sil-lead.org%2f6c0fbc11-808d-4c80-93b0-6dea501c0809%2fbloomdigital%2fSWPB_7_lost-and-found_Page_02_Image_0001.png,,팀장 판단
137,title,0c1d19fe-f40c-4b5f-8bfb-65d5526e4a0c,book_dash,Maddy Moona's Menagerie,https://bookdash.github.io/bookdash-books/maddy-moona/en/images/cover.jpg,Y,오디오 보유
137,title,43f338bd-36a8-44a1-9f84-0e82902b07d1,gdl,Maddy Moona’s Menagerie,https://content.digitallibrary.io/wp-content/uploads/2023/04/36159-02a526e3718a8a48210b48220f03776d-coverImage.jpeg,,
138,cover,fd39ad0f-bfeb-4d2b-9431-edc94c7a7ed1,african_storybook,Mangoes,https://africanstorybook.org/illustrations/covers/33926.png,,팀장 판단
138,cover,c3bd1382-e6f4-4003-b2b6-b99d47ad7ae0,african_storybook,The Wise Boy,https://africanstorybook.org/illustrations/covers/23798.png,,팀장 판단
139,cover,7d3fe8d8-2069-4da1-9fbb-67462981d557,african_storybook,Mark's trip to the zoo,https://africanstorybook.org/illustrations/covers/23220.png,,팀장 판단
139,cover,af3449ce-be74-49ac-833e-ec6bc22856c5,african_storybook,My Trip to the Zoo,https://africanstorybook.org/illustrations/covers/9968.png,,팀장 판단
140,title,0f74581b-05d4-4e98-9ab5-51418f331774,bloom,"Meet More Family. Phase 1, Unit 5, Game 5B Mvskoke Growing Bilingual Community",https://s3.amazonaws.com/bloomharvest/ByEnXdfdD0%2f1774439935608%2fbloomdigital%2f503%20%283%29.png,,팀장 판단
140,title,aa250fc3-be01-4185-b6e0-d9965944bb3f,bloom,"Meet the Family Phase 1, Unit 5, Game 5 Mvskoke Growing Bilingual Community",https://s3.amazonaws.com/bloomharvest/TRf7cMtbtW%2f1760473910423%2fbloomdigital%2fCover%2C%20Kinship1.png,,팀장 판단
141,title,a8ee34b2-3b55-407b-9630-c91e3acf3e0e,book_dash,Miss Helen's Magical World,https://bookdash.github.io/bookdash-books/miss-helens-magical-world/en/images/cover.jpg,Y,오디오 보유
141,title,25553f8a-e7b0-4aab-b6ad-ad572162cb00,african_storybook,Miss Helen’S Magical World,https://africanstorybook.org/illustrations/covers/8907.png,,
142,cover,7da02963-b211-4026-a30d-db37266380ba,african_storybook,Mojo and Tortiose,https://africanstorybook.org/illustrations/covers/23172.png,,팀장 판단
142,cover,8e89aabb-2203-4b77-b402-d909bac7502e,african_storybook,The Tortoise and the Eagle,https://africanstorybook.org/illustrations/covers/32658.png,,팀장 판단
143,title,0c2d62fa-054c-4f3a-901a-86eb4933fab1,book_dash,MUD!,https://zuwbshdvpnranzheswdn.supabase.co/storage/v1/object/public/book-covers/bookdash-mud.webp,Y,오디오 보유
143,title,b62bfe7b-7f91-48d4-b5ca-06531de7754a,bloom,MUD!,https://s3.amazonaws.com/bloomharvest/vCYksr4857%2f1747184031143%2fbloomdigital%2fmud_page3.jpg,,
144,both,386628e1-1d9f-4b48-9cb0-62f256166277,african_storybook,My Baby Boy,https://africanstorybook.org/illustrations/covers/9668.png,,팀장 판단
144,both,8be8b3d1-cda2-49db-8b85-0bad894e3cdf,african_storybook,My Baby Boy.,https://africanstorybook.org/illustrations/covers/10142.png,,팀장 판단
145,title,2a5da6b4-6cc9-42cf-ba53-c680f15f2b02,african_storybook,My first day at school,https://africanstorybook.org/illustrations/covers/24617.png,,팀장 판단
145,title,f1d0568a-cf50-46ed-823a-4730207d2557,african_storybook,My first day at school,https://africanstorybook.org/illustrations/covers/24018.png,,팀장 판단
146,both,2d0a0b08-b138-4eaa-940a-60eeaaf9b153,african_storybook,"My Friend, My Enemy",https://africanstorybook.org/illustrations/covers/21786.png,,팀장 판단
146,both,db8c7fc1-130b-43f8-9c7b-98db4850c36b,african_storybook,"My friend, my enemy",https://africanstorybook.org/illustrations/covers/36064.png,,팀장 판단
147,title,5d3f4bf4-32a9-4ab3-9af3-174c112b8b0f,gdl,My Friends,https://content.digitallibrary.io/wp-content/uploads/2023/04/34804-02a526e3718a8a48210b48220f03776d-coverImage.jpeg,,팀장 판단
147,title,add64ba2-8b81-4e70-9644-2da074293485,bloom,My Friends,https://s3.amazonaws.com/bloomharvest/nFin7fIWFL%2f1767611282486%2fbloomdigital%2fSWPB_77-my-friends_Page_02_Image_1.png,,팀장 판단
148,cover,9cd52216-3c06-490b-934f-1c57a668f4c1,african_storybook,My storybook,https://zuwbshdvpnranzheswdn.supabase.co/storage/v1/object/public/book-covers/asb-38125.png,,팀장 판단
148,cover,a8c63012-fa4f-4ee1-ad9a-f1f673c05330,african_storybook,The Story of SimNom,https://zuwbshdvpnranzheswdn.supabase.co/storage/v1/object/public/book-covers/asb-35554.png,,팀장 판단
149,title,27dc97a7-d6b4-4996-afdd-7969cf37d7bd,gdl,No Pigs Allowed,https://content.digitallibrary.io/wp-content/uploads/2022/03/httpsdigitallibrary.iowp-contentuploads20201014467-7c82e3c3967af7cd0fc0bc6c6c18d468-228eda8c4e1bbe488906812c95b1387b.jpg,,팀장 판단
149,title,405a6862-2189-498e-9cbc-fb1f15060434,bloom,No Pigs Allowed,https://s3.amazonaws.com/bloomharvest/intern%40littlezebrabooks.com%2f9dace09b-04f4-4a5a-9787-c25544ab4046%2fbloomdigital%2fNo%20Pigs%201.png,,팀장 판단
150,title,00e8d280-7b14-4bda-ab1c-a8943eefa763,gdl,Noisy Crows,https://content.digitallibrary.io/wp-content/uploads/2023/04/35275-02a526e3718a8a48210b48220f03776d-coverImage.jpeg,,팀장 판단
150,title,83a8d5f8-9dc4-4b98-89e8-65452a72df00,bloom,Noisy Crows,https://s3.amazonaws.com/bloomharvest/tFoONFPawq%2f1767613385808%2fbloomdigital%2fSWPB_117-noisy-crows_Page_02_Image_111.png,,팀장 판단
151,cover,eca8fd23-e1ba-402e-a9d9-c009dd20611c,african_storybook,Nozibele and the three hairs,https://africanstorybook.org/illustrations/covers/1880.png,,팀장 판단
151,cover,ad95a514-2a09-4207-a53a-771d654f0560,african_storybook,"The one who loves me, knows what I love",https://africanstorybook.org/illustrations/covers/24194.png,,팀장 판단
152,cover,5172e482-3005-443f-8d19-7ed81d4f7bd6,african_storybook,Persistent man,https://africanstorybook.org/illustrations/covers/22602.png,,팀장 판단
152,cover,298ae097-201c-4bf8-b4cd-b75619f0bc67,african_storybook,The Friend at Night,https://africanstorybook.org/illustrations/covers/15750.png,,팀장 판단
153,cover,f70139ec-ba3b-4168-8317-36633d2ec977,african_storybook,Rabbit Under the Tree,https://africanstorybook.org/illustrations/covers/7734.png,,팀장 판단
153,cover,4d92c034-3e13-4dd6-94d8-f32e4c3a9e85,african_storybook,Run Rabbit Run!,https://africanstorybook.org/illustrations/covers/20888.png,,팀장 판단
154,title,588f10b2-7f91-49ea-9fe7-8042c25e6429,bloom,"Rain, Rain",https://s3.amazonaws.com/bloomharvest/lumimaftei%40gmail.com%2f7edab369-1311-40fa-acba-3c3d7c23a9ce%2fbloomdigital%2fSWPB_115-rain-rain_Page_02_Image_00011.jpg,,팀장 판단
154,title,91ca475a-2820-4e18-b37a-c3ba01a0684b,gdl,"Rain, Rain",https://content.digitallibrary.io/wp-content/uploads/2022/03/httpsdigitallibrary.iowp-contentuploads20201015633-7c82e3c3967af7cd0fc0bc6c6c18d468-16a5b7e68a5ee0ec23344d788b44f46d.jpg,,팀장 판단
155,both,09667119-2bc8-4e61-831a-67b1a0985c25,african_storybook,Result of famine,https://africanstorybook.org/illustrations/covers/23938.png,,팀장 판단
155,both,33e3511c-1d90-42bd-abb6-fcdf93f8e066,african_storybook,Result of famine,https://africanstorybook.org/illustrations/covers/23170.png,,팀장 판단
156,title,67704acc-039e-4e3d-badb-752dd03a0634,gdl,Rimi's Red Book,https://content.digitallibrary.io/wp-content/uploads/2023/04/34948-02a526e3718a8a48210b48220f03776d-coverImage.jpeg,,팀장 판단
156,title,17fe05c6-a393-4bcb-ac54-01fe189266cb,gdl,Rimis Red Book,https://content.digitallibrary.io/wp-content/uploads/2022/03/httpsdigitallibrary.iowp-contentuploads20201021149-7c82e3c3967af7cd0fc0bc6c6c18d468-60414d21d8ac035ae3006223b2707fc4.jpg,,팀장 판단
157,cover,a5da9cd5-442b-46b3-9f80-4959791fdefe,african_storybook,Samba's New Shirt,https://africanstorybook.org/illustrations/covers/10271.png,,팀장 판단
157,cover,71070eda-4005-48fa-96c7-8618fc27bd2d,african_storybook,The disease in my body,https://africanstorybook.org/illustrations/covers/32448.png,,팀장 판단
158,both,15feb865-75a8-4bad-81ba-4adf9f3ab7f4,african_storybook,Sara's Canoe,https://africanstorybook.org/illustrations/covers/35250.png,,팀장 판단
158,both,f2cf58ee-fb49-4660-a359-28f77bbd0db8,african_storybook,Sara's Canoe,https://africanstorybook.org/illustrations/covers/35255.png,,팀장 판단
159,cover,8dce9633-5fd0-424e-b665-c0cd9e2caff1,african_storybook,Saying Thank You!,https://africanstorybook.org/illustrations/covers/21788.png,,팀장 판단
159,cover,454aff3b-6deb-4aca-96ef-04bbcfe2f5cf,african_storybook,Who Was Grateful?,https://africanstorybook.org/illustrations/covers/21394.png,,팀장 판단
160,title,120b3f23-0c19-4015-93c6-b813f8751366,bloom,Scared Tumi,https://s3.amazonaws.com/bloomharvest/okuukeremetbooks%40gmail.com%2f68b95512-d7ca-4520-8201-8225f342d018%2fbloomdigital%2fimage121.png,,
160,title,ae24c5e9-4f8c-4904-b478-3b85e7673dfb,book_dash,Scared Tumi,https://zuwbshdvpnranzheswdn.supabase.co/storage/v1/object/public/book-covers/bookdash-scared-tumi.webp,Y,오디오 보유
161,title,3a754c56-7d6a-4fac-868f-10f28a0f4b1c,african_storybook,Share It Fair!,https://africanstorybook.org/illustrations/covers/16510.png,,팀장 판단
161,title,d22d86ca-1907-45a0-a459-352b82ab1ecb,gdl,Share it Fair!,https://content.digitallibrary.io/wp-content/uploads/2022/03/httpsdigitallibrary.iowp-contentuploads20210436878-2d53fe4545becd5d894854649e3e2f40-image_1.jpg,,팀장 판단
162,title,a202b4da-f27e-4af2-bde5-6ae05de39d69,book_dash,Shhhhh!,https://zuwbshdvpnranzheswdn.supabase.co/storage/v1/object/public/book-covers/bookdash-shhhhh.webp,Y,book_dash
162,title,afcfab79-101e-41b8-8256-35fa3605c92e,gdl,Shhhhh!,https://content.digitallibrary.io/wp-content/uploads/2023/04/35065-02a526e3718a8a48210b48220f03776d-coverImage.jpeg,,
163,cover,e3b3c3a0-eeac-472d-b45f-8a823a7a2bc5,gdl,Sister Where Does the Sun Go at Night?,https://content.digitallibrary.io/wp-content/uploads/2022/03/httpsdigitallibrary.iowp-contentuploads20201015931-7c82e3c3967af7cd0fc0bc6c6c18d468-707990fb8e2fd28034dce1bae0d463de.jpg,,팀장 판단
163,cover,165a0db8-edef-4af6-865f-530bc28b7e9f,gdl,Sister! Sister! Where Does the Sun Go at Night?,https://content.digitallibrary.io/wp-content/uploads/2023/04/36152-02a526e3718a8a48210b48220f03776d-coverImage.jpeg,,팀장 판단
164,both,3f09c4cd-9b0a-421d-bacd-09c74cf7efe7,gdl,"Sister, Sister, Why Don't Things Fall Up?",https://content.digitallibrary.io/wp-content/uploads/2023/04/34977-02a526e3718a8a48210b48220f03776d-coverImage.jpeg,,팀장 판단
164,both,14b63f32-f767-4af5-9fb8-df4e333828e3,gdl,"Sister, Sister, Why Don’t Things Fall Up?",https://content.digitallibrary.io/wp-content/uploads/2023/04/36171-02a526e3718a8a48210b48220f03776d-coverImage.jpeg,,팀장 판단
165,title,3eeac8ec-6dd8-4b57-b61b-e79af2c5f991,bloom,Small Bird's BIG Adventure,https://s3.amazonaws.com/bloomharvest/dkarimova%40ueep.rti.org%2ff434f1f2-d9d6-4ce3-bd52-716faee82a65%2fbloomdigital%2fimage2.png,,
165,title,aa1ec813-f9b6-4eda-a28d-2b9d3517f191,book_dash,Small Bird’s Big Adventure,https://zuwbshdvpnranzheswdn.supabase.co/storage/v1/object/public/book-covers/bookdash-small-birds-big-adventure.webp,Y,오디오 보유
166,cover,65088445-1513-47b4-b6eb-6459f53176c8,african_storybook,SMARTIE KIDS,https://zuwbshdvpnranzheswdn.supabase.co/storage/v1/object/public/book-covers/asb-37353.png,,팀장 판단
166,cover,b40a08b8-a727-440c-9f48-955801b31b98,african_storybook,The Town's People Learned A Le,https://zuwbshdvpnranzheswdn.supabase.co/storage/v1/object/public/book-covers/asb-35491.png,,팀장 판단
167,title,7b80e0fc-0a94-47d3-bb8d-26c82901f498,gdl,Sniffles the Crocodile and Punch the Butterfly,https://content.digitallibrary.io/wp-content/uploads/2022/03/httpsdigitallibrary.iowp-contentuploads20201015791-7c82e3c3967af7cd0fc0bc6c6c18d468-e95ceed0c86ffcb0296f0b19aeaae54d.jpg,,팀장 판단
167,title,c6209430-b237-4d0c-b6bb-ed764563e3a1,african_storybook,Sniffles the Crocodile and Punch the Butterfly,https://africanstorybook.org/illustrations/covers/2940.png,,팀장 판단
168,both,1d472d72-745a-491b-8125-b65786868376,african_storybook,The Baboons That Went This Way and That,https://africanstorybook.org/illustrations/covers/2605.png,,팀장 판단
168,both,dc04b505-c15b-42f5-b964-d04b8b1b7912,african_storybook,The Baboons That Went This Way and That,https://africanstorybook.org/illustrations/covers/2609.png,,팀장 판단
169,title,12387fa9-666c-452a-93a8-5e3bd1f5b8e5,gdl,The Best Nest,https://content.digitallibrary.io/wp-content/uploads/2023/04/35437-02a526e3718a8a48210b48220f03776d-coverImage.jpeg,,
169,title,52c0a717-7afc-41cc-9a3e-b947f0f1c376,book_dash,The Best Nest,https://zuwbshdvpnranzheswdn.supabase.co/storage/v1/object/public/book-covers/bookdash-the-best-nest.webp,Y,오디오 보유
170,title,d6ab2a25-4550-43f5-8d8c-39ec133b52f2,book_dash,The Box,https://zuwbshdvpnranzheswdn.supabase.co/storage/v1/object/public/book-covers/bookdash-the-box.webp,Y,book_dash
170,title,fb5359bc-5c00-4256-89a8-9ef935799e98,gdl,The Box,https://content.digitallibrary.io/wp-content/uploads/2023/04/35005-02a526e3718a8a48210b48220f03776d-coverImage.jpeg,,
171,cover,6945cb16-03b9-423a-96ab-9ea1b56bc92c,gdl,The Boy and the Drum,https://content.digitallibrary.io/wp-content/uploads/2022/03/httpsdigitallibrary.iowp-contentuploads20201015937-7c82e3c3967af7cd0fc0bc6c6c18d468-a045902a940be4f3b9a0dd0e44886dc5.jpg,,팀장 판단
171,cover,72c7351c-42e0-45d1-b853-cb39cf474c2f,gdl,The Boy and the Drum (A Shorter Version),https://content.digitallibrary.io/wp-content/uploads/2022/03/httpsdigitallibrary.iowp-contentuploads20201015943-7c82e3c3967af7cd0fc0bc6c6c18d468-a045902a940be4f3b9a0dd0e44886dc5.jpg,,팀장 판단
172,cover,ec95a6bc-4de4-4562-98bc-b417832fa87c,african_storybook,The boy who liked to laugh,https://africanstorybook.org/illustrations/covers/24532.png,,팀장 판단
172,cover,5e3b28c7-5e20-4971-be7e-ee32697d126a,african_storybook,The Lady In Orange,https://africanstorybook.org/illustrations/covers/18892.png,,팀장 판단
173,cover,45f33617-29a3-4d65-abbb-a8e4c14df13c,african_storybook,The children discover a portal,https://zuwbshdvpnranzheswdn.supabase.co/storage/v1/object/public/book-covers/asb-36909.png,,팀장 판단
173,cover,7ded32a4-659c-4a17-a808-8abbf9adb4b5,african_storybook,Wicked Friends.,https://zuwbshdvpnranzheswdn.supabase.co/storage/v1/object/public/book-covers/asb-35574.png,,팀장 판단
174,title,12199f9d-e094-4440-a958-3168cf5417d8,bloom,The Lord is My Shepherd,https://s3.amazonaws.com/bloomharvest/hD8Ho8eNdv%2f1753294859695%2fbloomdigital%2fPsalm%2023-7.png,,팀장 판단
174,title,6f2ff944-ffd5-42cd-9d00-dcd6a1af93dc,african_storybook,The Lord is My Shepherd,https://africanstorybook.org/illustrations/covers/32352.png,,팀장 판단
175,title,8c712417-f726-414c-860a-accf1595e96d,gdl,The Race,https://content.digitallibrary.io/wp-content/uploads/2023/04/35558-02a526e3718a8a48210b48220f03776d-coverImage.jpeg,,팀장 판단
175,title,df155c4f-f6ff-4e09-a772-721a7b4fde00,african_storybook,The Race,https://africanstorybook.org/illustrations/covers/9299.png,,팀장 판단
176,title,57eadf0f-e621-498d-8ae7-d01f78f49071,book_dash,The Rainbow Cloud,https://zuwbshdvpnranzheswdn.supabase.co/storage/v1/object/public/book-covers/bookdash-the-rainbow-cloud.webp,Y,book_dash
176,title,fff653a2-3ef2-4f72-8ee3-725eb4e8b7a2,african_storybook,The Rainbow Cloud,https://africanstorybook.org/illustrations/covers/20579.png,,
177,title,5f328534-f027-44be-ab80-5168182ebe63,african_storybook,The Rich Fool,https://africanstorybook.org/illustrations/covers/15838.png,,팀장 판단
177,title,a240fd0a-137f-425a-8949-3c5380def49d,african_storybook,The Rich Fool,https://africanstorybook.org/illustrations/covers/31542.png,,팀장 판단
178,both,6460a2b4-baff-4480-9846-92bb643b9652,bloom,The Three Little Kittens,https://s3.amazonaws.com/bloomharvest/7YWHmKnmy5%2f1780245121490%2fbloomdigital%2fimage.jpg,,팀장 판단
178,both,aabe62b8-ec5e-4567-ac74-b0a806789470,gdl,The Three Little Kittens,https://content.digitallibrary.io/wp-content/uploads/2022/03/httpsdigitallibrary.iowp-contentuploads20201021045-7c82e3c3967af7cd0fc0bc6c6c18d468-3fe646a61627e3019e5bc3d65dbb0a1f.jpg,,팀장 판단
179,title,a9a70a16-fdb8-4e91-8baa-ec2670e5cf7b,bloom,Things we Can Do,https://s3.amazonaws.com/bloomharvest/bethann_carlson%40sil.org%2f6e57e9aa-063f-463d-ad3a-9df3e6e31da7%2fbloomdigital%2fASP_291_Things_we_can_do_Page_01_Image_0001.png,,팀장 판단
179,title,f23b5ca4-9265-4e85-859d-ee7dc6f7ba22,bloom,Things we Can Do,https://s3.amazonaws.com/bloomharvest/bethann_carlson%40sil.org%2fdf927817-5ffe-4f14-ac97-13a96b408b22%2fbloomdigital%2fASP_291_Things_we_can_do_Page_02_Image_0001.png,,팀장 판단
180,title,2523a201-3606-4b02-91cc-290042580f3c,gdl,This and That,https://content.digitallibrary.io/wp-content/uploads/2023/04/34762-02a526e3718a8a48210b48220f03776d-coverImage.jpeg,,팀장 판단
180,title,42253224-e384-4faf-991b-cfc087e7f612,bloom,This and That,https://s3.amazonaws.com/bloomharvest/librarian%40bloomlibrary.org%2f6c784ea2-cfa2-4246-b1a3-c78401dc3a37%2fbloomdigital%2fSWPB_228-this-and-that_Page_02_Image_0001.png,,팀장 판단
181,title,c6ebf5c0-46f9-407a-a0bf-d0033ba0b6e8,gdl,Tikky! Boom! Tish!,https://content.digitallibrary.io/wp-content/uploads/2023/04/34830-02a526e3718a8a48210b48220f03776d-coverImage.jpeg,,
181,title,d66510fc-0cef-4a91-bf52-696a4ebb1ff4,book_dash,Tikky! Boom! Tish!,https://zuwbshdvpnranzheswdn.supabase.co/storage/v1/object/public/book-covers/bookdash-tikky-boom-tish.webp,Y,오디오 보유
182,title,1120dbb4-ffcf-4ccf-80d6-c8fa7dacd9dd,bloom,Timmy and Pepe,https://s3.amazonaws.com/bloomharvest/okuukeremetbooks%40gmail.com%2f25ce9a8d-58d0-4577-838e-46fa897822ae%2fbloomdigital%2f411-girl-and-pet-dog.jpg,,팀장 판단
182,title,bdd78464-cdc9-47f5-9225-848c1d67218b,bloom,Timmy and Pepe,https://s3.amazonaws.com/bloomharvest/okuukeremetbooks%40gmail.com%2fa4fb7830-77c8-4022-af2a-2c7672f7d20b%2fbloomdigital%2f412-girl-with-dog1.jpg,,팀장 판단
183,title,bbc90a08-3cca-4e34-8c98-54234917e04b,gdl,Tone's Big Drop,https://content.digitallibrary.io/wp-content/uploads/2023/04/34943-d05e2c60b94c428e076fbad0f2cc2778-coverImage.png,,
183,title,6db82984-8673-4b0f-aafb-662c40a71398,book_dash,Tone’s Big Drop,https://zuwbshdvpnranzheswdn.supabase.co/storage/v1/object/public/book-covers/bookdash-tones-big-drop.webp,Y,오디오 보유
184,title,31e3c5bb-d381-48d9-8efb-4453c98c32c6,bloom,Too Big! Too Small!,https://s3.amazonaws.com/bloomharvest/HR29rbSUlL%2f1760347315887%2fbloomdigital%2fPicture2.jpg,,팀장 판단
184,title,7483dd9a-30ae-42db-bcf9-1a8c42117f1d,gdl,"Too Big, Too Small",https://content.digitallibrary.io/wp-content/uploads/2023/04/34750-02a526e3718a8a48210b48220f03776d-coverImage.jpeg,,팀장 판단
185,title,f5f9e055-ce9a-4eb9-bcbe-056ddc7deed5,book_dash,Tortoise Finds His Home,https://bookdash.github.io/bookdash-books/tortoise-finds-his-home/en/images/cover.jpg,Y,오디오 보유
185,title,8b6cc55e-93f3-4844-80ab-fa597f0c7043,bloom,Tortoise Finds his House,https://s3.amazonaws.com/bloomharvest/marian_hagg%40sil.org%2f50a63a0a-6a95-4ea0-bd43-f6d1ba27457b%2fbloomdigital%2fASP_40-Tortoise_finds_his_house_Page_01_Image_2.png,,
186,title,2cd15b61-2bc1-42a6-94b5-5934eb13b7ea,book_dash,Tumi Goes to the Park,https://zuwbshdvpnranzheswdn.supabase.co/storage/v1/object/public/book-covers/bookdash-tumi-goes-to-the-park.webp,Y,오디오 보유
186,title,32d4b15b-facd-455b-9521-cf1c3d2117c5,gdl,Tumi Goes to the Park,https://content.digitallibrary.io/wp-content/uploads/2023/04/35686-02a526e3718a8a48210b48220f03776d-coverImage.jpeg,,
187,title,56ba1664-c04f-4478-933a-e98c6d83d690,african_storybook,"Vayu, the Wind",https://africanstorybook.org/illustrations/covers/2454.png,,팀장 판단
187,title,65e5ffd9-8e6f-46ab-8f3a-49174d51f192,bloom,"Vayu, the Wind",https://s3.amazonaws.com/bloomharvest/okuukeremetbooks%40gmail.com%2f4ffbc553-75ba-4499-84c4-3de5c923a3a5%2fbloomdigital%2fVayu%2C%20the%20Wind_Page%2003.jpg,,팀장 판단
188,title,30c86683-ab98-4634-b543-9fdf08ba95f6,bloom,Watch Out! The Tiger is Here!,https://s3.amazonaws.com/bloomharvest/MvN81OREsZ%2f1769689665149%2fbloomdigital%2fimage1.jpg,,팀장 판단
188,title,f9a7cc69-398d-4bbf-b911-2500a0cbb7b9,gdl,Watch Out! The Tiger is Here!,https://content.digitallibrary.io/wp-content/uploads/2022/03/httpsdigitallibrary.iowp-contentuploads20201021553-7c82e3c3967af7cd0fc0bc6c6c18d468-445b67d7f4a9cf54a05086d2112db303.jpg,,팀장 판단
189,title,0cb8c332-8f0e-4eac-95ef-c6cc650ceb6c,african_storybook,Weather,https://africanstorybook.org/illustrations/covers/10261.png,,팀장 판단
189,title,cef54ff1-2c65-4128-a91f-686646f55116,african_storybook,Weather,https://africanstorybook.org/illustrations/covers/40040.png,,팀장 판단
190,title,19d11054-dcb2-4a8b-8f9c-f779f109f64c,gdl,What Does Anu See?,https://content.digitallibrary.io/wp-content/uploads/2022/03/httpsdigitallibrary.iowp-contentuploads20201015683-7c82e3c3967af7cd0fc0bc6c6c18d468-d49781e31071a190e0f19b52d2b12a39.jpg,,팀장 판단
190,title,dceba8aa-3865-47a3-9b47-96dd942a45c0,bloom,What Does Anu See?,https://s3.amazonaws.com/bloomharvest/librarian%40bloomlibrary.org%2f9fdf0e7f-9ed0-49a7-95a3-5514e4a6b5f7%2fbloomdigital%2fSWPB_144-what-does-anu-see_Page_02_Image_0001.png,,팀장 판단
191,title,4fe74f3e-0f66-4465-b41d-6291b443669e,gdl,What's In the Pot?,https://content.digitallibrary.io/wp-content/uploads/2023/04/35403-d05e2c60b94c428e076fbad0f2cc2778-coverImage.png,,
191,title,8836449c-5cca-4557-b277-c1897f86d63b,book_dash,What’s In The Pot?,https://zuwbshdvpnranzheswdn.supabase.co/storage/v1/object/public/book-covers/bookdash-whats-in-the-pot.webp,Y,오디오 보유
192,both,0bd47d70-0d63-4c2b-a6af-14cbe3be272a,gdl,What's Next,https://content.digitallibrary.io/wp-content/uploads/2023/04/35462-02a526e3718a8a48210b48220f03776d-coverImage.jpeg,,
192,both,3f9d5f51-da93-4570-ad12-7c223ccbbe6f,book_dash,What’s next?,https://zuwbshdvpnranzheswdn.supabase.co/storage/v1/object/public/book-covers/bookdash-whats-next.webp,Y,오디오 보유
193,title,f439efa5-df10-4ba1-803e-fa949afe3e1b,gdl,Who's That Baby?,https://content.digitallibrary.io/wp-content/uploads/2023/04/34917-d05e2c60b94c428e076fbad0f2cc2778-coverImage.png,,
193,title,2124c60b-0b1a-4af1-8514-c7dae96460e1,book_dash,Who’s that baby?,https://zuwbshdvpnranzheswdn.supabase.co/storage/v1/object/public/book-covers/bookdash-whos-that-baby.webp,Y,오디오 보유
194,title,90921e87-b693-406d-9fe1-81a3261cb633,african_storybook,Zanele Situ: my Story,https://africanstorybook.org/illustrations/covers/9092.png,,
194,title,c2820fc8-380f-46a4-86c5-9cb18f1179a7,book_dash,Zanele Situ: My Story,https://bookdash.github.io/bookdash-books/zanele-situ-my-story/en/images/cover.jpg,Y,오디오 보유
