title,source_id,reader_url,origin_html_url,has_audio
A Beautiful Day,9c9e94e0-fe46-11e5-86aa-5e5517507c66,https://hellokiki.co.kr/book/5b106471-9a5f-4a8d-ae41-2f48850c126c/read,https://bookdash.github.io/bookdash-books/a-beautiful-day/en/,False
A Dancer’s Tale,9c9e8586-fe46-11e5-86aa-5e5517507c66,https://hellokiki.co.kr/book/74b531b1-4aa3-4b91-ae1e-00dd95e7e910/read,https://bookdash.github.io/bookdash-books/a-dancers-tale/en/,False
A Fish and a Gift,9c9e6754-fe46-11e5-86aa-5e5517507c66,https://hellokiki.co.kr/book/04166e9d-c028-4488-aca7-0f94e0f00675/read,https://bookdash.github.io/bookdash-books/a-fish-and-a-gift/en/,False
A House for Mouse,9c9e72e4-fe46-11e5-86aa-5e5517507c66,https://hellokiki.co.kr/book/52d93876-df1b-4e27-b0e9-02c24a8ed4ea/read,https://bookdash.github.io/bookdash-books/a-house-for-mouse/en/,False
A Tiny Seed,9c9e7a6e-fe46-11e5-86aa-5e5517507c66,https://hellokiki.co.kr/book/19074fad-f66a-49b2-9762-7ec152bef19d/read,https://bookdash.github.io/bookdash-books/a-tiny-seed/en/,False
Amazing Daisy,9c9e7b9a-fe46-11e5-86aa-5e5517507c66,https://hellokiki.co.kr/book/c9885925-bd2c-41b1-8fd2-5ae7c7b3dd23/read,https://bookdash.github.io/bookdash-books/amazing-daisy/en/,True
Bathtub Safari,9c9e86da-fe46-11e5-86aa-5e5517507c66,https://hellokiki.co.kr/book/e50bd660-92c8-4938-b342-b43409bdb99f/read,https://bookdash.github.io/bookdash-books/bathtub-safari/en/,True
"Come Back, Cat!",9c9e7820-fe46-11e5-86aa-5e5517507c66,https://hellokiki.co.kr/book/f35dd8ae-2408-46c0-8794-f7e931abddab/read,https://bookdash.github.io/bookdash-books/come-back-cat/en/,True
Graca's Dream,9c9e71cc-fe46-11e5-86aa-5e5517507c66,https://hellokiki.co.kr/book/8f33b276-ffd9-4334-8d1c-8fd462998e4a/read,https://bookdash.github.io/bookdash-books/gracas-dream/en/,True
Grandpa's Gold,9c9e6524-fe46-11e5-86aa-5e5517507c66,https://hellokiki.co.kr/book/c0ca9816-36ee-433e-8381-1a1d7712fc3f/read,https://bookdash.github.io/bookdash-books/grandpas-gold/en/,True
Hippo Wants to Dance,9c9f4976-fe46-11e5-86aa-5e5517507c66,https://hellokiki.co.kr/book/999dc967-1a74-4942-9930-03d2a9010644/read,https://bookdash.github.io/bookdash-books/hippo-wants-to-dance/en/,True
How About You?,9c9e819e-fe46-11e5-86aa-5e5517507c66,https://hellokiki.co.kr/book/27c84efc-f68a-4a76-bef1-17acfbcc5a19/read,https://bookdash.github.io/bookdash-books/how-about-you/en/,True
Hugs in the City,9c9eb574-fe46-11e5-86aa-5e5517507c66,https://hellokiki.co.kr/book/d62b23c2-0e5a-4a48-a8dc-d34a3a496615/read,https://bookdash.github.io/bookdash-books/hugs-in-the-city/en/,False
I Can Dress Myself,9c9eb452-fe46-11e5-86aa-5e5517507c66,https://hellokiki.co.kr/book/cd5ff244-b4fa-4dbf-8219-08bf75f18596/read,https://bookdash.github.io/bookdash-books/i-can-dress-myself/en/,False
I Will Help You,9c9e9396-fe46-11e5-86aa-5e5517507c66,https://hellokiki.co.kr/book/0b155b5c-1452-40c2-9e3a-60e56a98e2b8/read,https://bookdash.github.io/bookdash-books/i-will-help-you/en/,True
Is There Anyone Like Me?,9c9e8c0c-fe46-11e5-86aa-5e5517507c66,https://hellokiki.co.kr/book/83029b02-3c43-4984-9b1a-29097fce4cba/read,https://bookdash.github.io/bookdash-books/is-there-anyone-like-me/en/,True
It Wasn't Me,9c9ffed4-fe46-11e5-86aa-5e5517507c66,https://hellokiki.co.kr/book/0413f082-7a20-4736-9951-7f509212dc76/read,https://bookdash.github.io/bookdash-books/it-wasnt-me/en/,False
Karabo's Question,9c9e9e5e-fe46-11e5-86aa-5e5517507c66,https://hellokiki.co.kr/book/d5cc2dc5-1b50-49bb-afe2-8a156d2267b5/read,https://bookdash.github.io/bookdash-books/karabos-question/en/,True
Katiiti's Song,9c9fffba-fe46-11e5-86aa-5e5517507c66,https://hellokiki.co.kr/book/632e167e-627e-4497-a141-88da08836a17/read,https://bookdash.github.io/bookdash-books/katiitis-song/en/,False
Lara the Yellow Ladybird,9c9f566e-fe46-11e5-86aa-5e5517507c66,https://hellokiki.co.kr/book/1252ee12-ec89-4377-8b66-04259aae2b24/read,https://bookdash.github.io/bookdash-books/lara-the-yellow-ladybird/en/,True
Little Ant's Big Plan,9c9e55de-fe46-11e5-86aa-5e5517507c66,https://hellokiki.co.kr/book/bc79b86e-09c9-4bc4-898f-3653f0cafa45/read,https://bookdash.github.io/bookdash-books/little-ants-big-plan/en/,True
Little Sock and the Tiny Creatures,9c9f4da4-fe46-11e5-86aa-5e5517507c66,https://hellokiki.co.kr/book/724aff4e-525a-424f-9c53-e8b946533f6e/read,https://bookdash.github.io/bookdash-books/little-sock/en/,True
Londi the dreaming girl,9c9e96ac-fe46-11e5-86aa-5e5517507c66,https://hellokiki.co.kr/book/628c5344-ae17-4009-93ee-0679294e4bb9/read,https://bookdash.github.io/bookdash-books/londi-the-dreaming-girl/en/,True
Lory Dory,9c9e83b0-fe46-11e5-86aa-5e5517507c66,https://hellokiki.co.kr/book/b00a5b46-7616-4373-a9a7-58c1b176c386/read,https://bookdash.github.io/bookdash-books/lory-dory/en/,True
Maddy Moona's Menagerie,9c9e7dca-fe46-11e5-86aa-5e5517507c66,https://hellokiki.co.kr/book/0c1d19fe-f40c-4b5f-8bfb-65d5526e4a0c/read,https://bookdash.github.io/bookdash-books/maddy-moona/en/,True
Miss Helen's Magical World,9c9e6196-fe46-11e5-86aa-5e5517507c66,https://hellokiki.co.kr/book/a8ee34b2-3b55-407b-9630-c91e3acf3e0e/read,https://bookdash.github.io/bookdash-books/miss-helens-magical-world/en/,True
Mrs Penguin's Perfect Palace,9c9eb7e0-fe46-11e5-86aa-5e5517507c66,https://hellokiki.co.kr/book/ef15e04e-276e-43e2-9d0e-3e1baf4329bf/read,https://bookdash.github.io/bookdash-books/mrs-penguins-palace/en/,True
Queen of Soweto,9c9e640c-fe46-11e5-86aa-5e5517507c66,https://hellokiki.co.kr/book/cd9286f5-5651-48fe-9419-9021a1a362cd/read,https://bookdash.github.io/bookdash-books/queen-of-soweto/en/,True
Rafiki's Style,9c9e6e52-fe46-11e5-86aa-5e5517507c66,https://hellokiki.co.kr/book/4019adf1-3050-4309-aa9b-b7725fb767fd/read,https://bookdash.github.io/bookdash-books/rafikis-style/en/,True
Sbu's Special Shoes,9c9e9fc6-fe46-11e5-86aa-5e5517507c66,https://hellokiki.co.kr/book/5160e64e-7ad8-4e4d-8961-01d851861e14/read,https://bookdash.github.io/bookdash-books/sbus-special-shoes/en/,True
Searching for the Spirit of Spring,9c9e76ea-fe46-11e5-86aa-5e5517507c66,https://hellokiki.co.kr/book/357bf174-064b-4f3c-abfd-e06e6e42d69c/read,https://bookdash.github.io/bookdash-books/searching-for-the-spirit-of-spring/en/,True
Shongololo's Shoes,9c9f41f6-fe46-11e5-86aa-5e5517507c66,https://hellokiki.co.kr/book/9f4abcc9-f4f5-4b29-abf3-b6db4fa9dbea/read,https://bookdash.github.io/bookdash-books/shongololos-shoes/en/,True
Sima and Siza,9c9ea96c-fe46-11e5-86aa-5e5517507c66,https://hellokiki.co.kr/book/0d9d9fdd-4f51-489e-b075-7f1e6fec2efc/read,https://bookdash.github.io/bookdash-books/sima-and-siza/en/,True
Sindi and the Moon,9c9ea21e-fe46-11e5-86aa-5e5517507c66,https://hellokiki.co.kr/book/597540ce-cdfb-49d8-8f40-cdbbb18d5459/read,https://bookdash.github.io/bookdash-books/sindi-and-the-moon/en/,True
Sindiwe & the Fireflies,9c9e596c-fe46-11e5-86aa-5e5517507c66,https://hellokiki.co.kr/book/96f3031c-b429-4b93-9797-8fb821b5211c/read,https://bookdash.github.io/bookdash-books/sindiwe-and-the-fireflies/en/,True
Singing the Truth,9c9e62ea-fe46-11e5-86aa-5e5517507c66,https://hellokiki.co.kr/book/b0e7471b-01e1-41f1-acc3-0ed1d0a7c9c2/read,https://bookdash.github.io/bookdash-books/singing-the-truth/en/,True
Sizwe's Smile,9c9e87f2-fe46-11e5-86aa-5e5517507c66,https://hellokiki.co.kr/book/bf1cb69a-e1bf-4682-bdbf-c26422073983/read,https://bookdash.github.io/bookdash-books/sizwes-smile/en/,True
Sleepy Mr Sloth,9c9e7cb2-fe46-11e5-86aa-5e5517507c66,https://hellokiki.co.kr/book/67deeed1-8f5e-4b3e-90cc-c67bda9ecdc9/read,https://bookdash.github.io/bookdash-books/sleepy-mr-sloth/en/,True
Springloaded,9c9f450c-fe46-11e5-86aa-5e5517507c66,https://hellokiki.co.kr/book/1265413c-6f2e-4975-a456-15f1d4ebcd64/read,https://bookdash.github.io/bookdash-books/springloaded/en/,True
Thato's Birthday Surprise,9c9eb68c-fe46-11e5-86aa-5e5517507c66,https://hellokiki.co.kr/book/843f348f-7e69-4a1f-84b3-0eaae42a3d62/read,https://bookdash.github.io/bookdash-books/thatos-birthday-surprise/en/,True
The Best Thing Ever,9c9f5790-fe46-11e5-86aa-5e5517507c66,https://hellokiki.co.kr/book/c1058cd0-3edb-4f48-a3f6-edf593ce0424/read,https://bookdash.github.io/bookdash-books/the-best-thing-ever/en/,True
The Elephant in the Room,9c9ec05a-fe46-11e5-86aa-5e5517507c66,https://hellokiki.co.kr/book/2af1951a-e420-4b2d-9fd2-0e0378081d00/read,https://bookdash.github.io/bookdash-books/the-elephant-in-the-room/en/,True
The Lion Who Wouldn't Try,9ca00316-fe46-11e5-86aa-5e5517507c66,https://hellokiki.co.kr/book/1eb267e9-6915-4752-a9e8-6f4fb17c71ba/read,https://bookdash.github.io/bookdash-books/the-lion-who-wouldnt-try/en/,False
There Must be a Rainbow,9c9ea48a-fe46-11e5-86aa-5e5517507c66,https://hellokiki.co.kr/book/e28d039f-9014-4f43-9577-12ed6f0b6655/read,https://bookdash.github.io/bookdash-books/there-must-be-a-rainbow/en/,True
Together We're Strong,9c9e663c-fe46-11e5-86aa-5e5517507c66,https://hellokiki.co.kr/book/07afc05a-f7e5-41cb-ad0d-6791a418e570/read,https://bookdash.github.io/bookdash-books/together-were-strong/en/,True
Tortoise Finds His Home,9c9e6f9c-fe46-11e5-86aa-5e5517507c66,https://hellokiki.co.kr/book/f5f9e055-ce9a-4eb9-bcbe-056ddc7deed5/read,https://bookdash.github.io/bookdash-books/tortoise-finds-his-home/en/,True
Walking Together,9c9e9102-fe46-11e5-86aa-5e5517507c66,https://hellokiki.co.kr/book/5cacbb62-4e94-43c2-8ad3-26763b885d01/read,https://bookdash.github.io/bookdash-books/walking-together/en/,True
What if,9c9f3292-fe46-11e5-86aa-5e5517507c66,https://hellokiki.co.kr/book/92efecf3-2aa2-4857-9b69-c79e5e6efebf/read,https://bookdash.github.io/bookdash-books/what-if/en/,True
What is it?,9c9ebdc6-fe46-11e5-86aa-5e5517507c66,https://hellokiki.co.kr/book/cf14fa0e-3376-4e68-85d4-c9e2a4854403/read,https://bookdash.github.io/bookdash-books/what-is-it/en/,True
When I Grow Up,9c9f471e-fe46-11e5-86aa-5e5517507c66,https://hellokiki.co.kr/book/589a9cb7-ad60-4ba5-b452-6914bb73be14/read,https://bookdash.github.io/bookdash-books/when-i-grow-up/en/,True
Who is our friend?,9c9f485e-fe46-11e5-86aa-5e5517507c66,https://hellokiki.co.kr/book/67fb3f9c-30fb-46c4-8430-1bc673767e74/read,https://bookdash.github.io/bookdash-books/who-is-our-friend/en/,True
Whose button is this?,9c9eb2cc-fe46-11e5-86aa-5e5517507c66,https://hellokiki.co.kr/book/0d5c90ad-cd47-46e1-a80a-2ba005b3c73b/read,https://bookdash.github.io/bookdash-books/whose-button-is-this/en/,True
Why is Nita upside down?,9c9e5f48-fe46-11e5-86aa-5e5517507c66,https://hellokiki.co.kr/book/e54b29d1-1992-4474-a0b9-7adbc3d13ed5/read,https://bookdash.github.io/bookdash-books/why-is-nita-upside-down/en/,True
Zanele Situ: My Story,9c9e6d12-fe46-11e5-86aa-5e5517507c66,https://hellokiki.co.kr/book/c2820fc8-380f-46a4-86c5-9cb18f1179a7/read,https://bookdash.github.io/bookdash-books/zanele-situ-my-story/en/,True
