id,coverN,old_cover_url
08c9be27-76f8-44de-ae73-ebd140ffffb2,36111,"Xama"
b0283a0b-5836-498f-9086-70e81e7c91c2,32179,"Xam"
2b26df2c-fc2f-4ea8-aeee-4374af529d4c,35632,"https://africanstorybook.org/illustrations/covers/35632.png"
f9ba42fa-16d1-468e-8314-67277546b70a,35875,"https://africanstorybook.org/illustrations/covers/35875.png"
34c8845a-e002-4c43-a10e-88a21cbf462f,36864,"https://africanstorybook.org/illustrations/covers/36864.png"
afde2343-e2ff-4805-855f-28d9ef538a23,37351,"https://africanstorybook.org/illustrations/covers/37351.png"
ad4a706f-a0cd-45b5-91d9-311d1bd6ae0d,37448,"https://africanstorybook.org/illustrations/covers/37448.png"
392b78ed-241b-4d88-9e62-9841a3d989b8,37861,"https://africanstorybook.org/illustrations/covers/37861.png"
986315a5-b6b2-4c96-bc43-4668248e63e7,38139,"https://africanstorybook.org/illustrations/covers/38139.png"
1342e088-cde5-48fc-8460-1fbd0d6ba8f1,38297,"https://africanstorybook.org/illustrations/covers/38297.png"
f93688c8-6a9f-4238-a087-476dba47622b,40819,"https://africanstorybook.org/illustrations/covers/40819.png"
077cd449-0692-4ffe-b00b-7fa24ec272d2,40821,"https://africanstorybook.org/illustrations/covers/40821.png"
46e00d9c-4427-4212-9b9a-a3ec9d32c744,40822,"https://africanstorybook.org/illustrations/covers/40822.png"
1821d50b-96b9-4d75-8138-0d1994cd9ed9,40823,"https://africanstorybook.org/illustrations/covers/40823.png"
ed074edd-10e4-4631-84ea-a045761382af,40827,"https://africanstorybook.org/illustrations/covers/40827.png"
12e2f684-3d5a-461a-bc94-ed979aaeedc7,34036,"https://africanstorybook.org/illustrations/covers/34036.png"
0133398b-64df-41ce-ad87-5273771c9c39,34039,"https://africanstorybook.org/illustrations/covers/34039.png"
ffcb755a-5a95-4202-b70b-b915bd308fb7,34040,"https://africanstorybook.org/illustrations/covers/34040.png"
74839569-5916-4c7f-8661-fac88b551626,34042,"https://africanstorybook.org/illustrations/covers/34042.png"
4667011a-17f6-41ac-952e-a9ff3647d954,34131,"https://africanstorybook.org/illustrations/covers/34131.png"
9ac090e7-aae8-4cd1-b7e3-b83cebcfab9b,34139,"https://africanstorybook.org/illustrations/covers/34139.png"
f27d7803-5910-4078-90f6-68f697cac409,34157,"https://africanstorybook.org/illustrations/covers/34157.png"
be2ca8bd-3385-4331-a564-8f3e33610f69,34274,"https://africanstorybook.org/illustrations/covers/34274.png"
78ae3b21-2acc-4236-ab62-34a56ae176fd,34413,"https://africanstorybook.org/illustrations/covers/34413.png"
201d35f9-65c1-4316-bce0-9b93b567c350,34574,"https://africanstorybook.org/illustrations/covers/34574.png"
1879c4a7-5a8b-4363-9b48-147bda3e992d,34575,"https://africanstorybook.org/illustrations/covers/34575.png"
8ad3bce2-4e5b-4b25-9713-bd2b3b7824bf,34736,"https://africanstorybook.org/illustrations/covers/34736.png"
da192f1b-259e-4aca-a1d9-e937a688dba4,34748,"https://africanstorybook.org/illustrations/covers/34748.png"
d91dca7a-250c-419f-a57f-4d29e8053d8a,35189,"https://africanstorybook.org/illustrations/covers/35189.png"
05133ee3-9251-4660-8a8b-f29f0af16269,35194,"https://africanstorybook.org/illustrations/covers/35194.png"
4d39aff7-ac1a-466c-93be-f57e050e47ff,35467,"https://africanstorybook.org/illustrations/covers/35467.png"
b40a08b8-a727-440c-9f48-955801b31b98,35491,"https://africanstorybook.org/illustrations/covers/35491.png"
a8c63012-fa4f-4ee1-ad9a-f1f673c05330,35554,"https://africanstorybook.org/illustrations/covers/35554.png"
664d6676-162a-44e5-950a-c1348798d955,35569,"https://africanstorybook.org/illustrations/covers/35569.png"
dae1625f-1325-46db-a020-8a1160072b83,35570,"https://africanstorybook.org/illustrations/covers/35570.png"
ce28a956-64a6-4802-ae0c-11692ec42e84,35571,"https://africanstorybook.org/illustrations/covers/35571.png"
148decd8-8cde-4b7e-b157-658ac400e67e,35572,"https://africanstorybook.org/illustrations/covers/35572.png"
7ded32a4-659c-4a17-a808-8abbf9adb4b5,35574,"https://africanstorybook.org/illustrations/covers/35574.png"
39bd0c0d-4af9-4898-9306-1f9d530cd8e9,35575,"https://africanstorybook.org/illustrations/covers/35575.png"
94127928-0126-4e2c-8bb9-ffedde34da92,35576,"https://africanstorybook.org/illustrations/covers/35576.png"
a20e925e-b8f9-42cc-bfa0-c7ec17e124ed,35579,"https://africanstorybook.org/illustrations/covers/35579.png"
d83a30c4-20f5-403a-ab68-f623fa2a246b,35580,"https://africanstorybook.org/illustrations/covers/35580.png"
c6d7e786-caa6-46ef-be4b-b548dd10a9d0,35582,"https://africanstorybook.org/illustrations/covers/35582.png"
fe0e9a59-5369-410a-9256-0761c2808d9f,35583,"https://africanstorybook.org/illustrations/covers/35583.png"
5abcf9b2-48e6-479c-ab16-4c1bf0ccf792,35584,"https://africanstorybook.org/illustrations/covers/35584.png"
e70c8491-6b45-4d5b-97a8-7bde9f1afde0,35585,"https://africanstorybook.org/illustrations/covers/35585.png"
b6888415-9a06-4fc7-9e56-15a47a2a405f,35586,"https://africanstorybook.org/illustrations/covers/35586.png"
f9901e6d-631c-44c5-bd53-fdbb88137b5f,35588,"https://africanstorybook.org/illustrations/covers/35588.png"
4d9cca8a-ced3-449b-afec-d672a98465ff,35591,"https://africanstorybook.org/illustrations/covers/35591.png"
221f90d4-a6b1-45a4-b5a4-6ad52bb92c3a,35592,"https://africanstorybook.org/illustrations/covers/35592.png"
5f9a1c44-88c1-45d8-b75b-cad08ac1dc48,35593,"https://africanstorybook.org/illustrations/covers/35593.png"
a521e11e-4ac4-46eb-86ce-ede8647602db,35594,"https://africanstorybook.org/illustrations/covers/35594.png"
3d803d35-6af9-4097-8c71-1dcf88530293,35595,"https://africanstorybook.org/illustrations/covers/35595.png"
74060b35-3e39-45ba-a462-a3f4b09f781c,35596,"https://africanstorybook.org/illustrations/covers/35596.png"
aee654a5-47b6-4332-b1da-4e459548a9e2,35597,"https://africanstorybook.org/illustrations/covers/35597.png"
bffe7fb3-84e8-4208-a028-379eddfb4abd,35598,"https://africanstorybook.org/illustrations/covers/35598.png"
3b70864a-b093-47eb-92c9-049b64a8aa95,35599,"https://africanstorybook.org/illustrations/covers/35599.png"
e9b77f86-3dce-456a-90cf-d5fb6f5c05e9,35600,"https://africanstorybook.org/illustrations/covers/35600.png"
e51b3d59-7a64-47fa-aeff-f747d917d3f2,35601,"https://africanstorybook.org/illustrations/covers/35601.png"
4fde4ede-c22e-4953-a335-70db4c4d2366,35602,"https://africanstorybook.org/illustrations/covers/35602.png"
6b51f769-70f6-4c4f-b361-b9728768acad,35603,"https://africanstorybook.org/illustrations/covers/35603.png"
b40923bb-9a39-4ad4-bb62-2af06ac88024,35604,"https://africanstorybook.org/illustrations/covers/35604.png"
dd17d48e-deba-4848-9432-1b248e913286,35605,"https://africanstorybook.org/illustrations/covers/35605.png"
8c8c1c52-fcb7-4e88-93b0-f96505c63eca,35606,"https://africanstorybook.org/illustrations/covers/35606.png"
c2970f77-e3a5-4106-95b8-5495fb271787,35607,"https://africanstorybook.org/illustrations/covers/35607.png"
f4f7466e-2a87-4f5c-bc33-a60f0b30f26b,35608,"https://africanstorybook.org/illustrations/covers/35608.png"
5f62dd2f-ed00-461f-b662-c913b1391993,35611,"https://africanstorybook.org/illustrations/covers/35611.png"
22ae8456-3813-459b-8610-e02f1f23d7a9,35612,"https://africanstorybook.org/illustrations/covers/35612.png"
59c4d5cb-3a96-4ad6-bfff-4db943ce1e42,35613,"https://africanstorybook.org/illustrations/covers/35613.png"
99f6738d-9fb1-4070-bfab-272c367ebc8d,35614,"https://africanstorybook.org/illustrations/covers/35614.png"
c654f7e3-ef72-4e50-9013-80b0184bba7c,35615,"https://africanstorybook.org/illustrations/covers/35615.png"
f47aba78-00c4-4289-abe9-10cbf4f05b53,35617,"https://africanstorybook.org/illustrations/covers/35617.png"
10b6c908-9e18-47da-83a5-24a291df4b5d,35618,"https://africanstorybook.org/illustrations/covers/35618.png"
4f013f3d-3a5b-41e5-af35-b347c3a6988d,35619,"https://africanstorybook.org/illustrations/covers/35619.png"
16cca9f4-7a1e-4eb6-93f6-470dc304c228,35620,"https://africanstorybook.org/illustrations/covers/35620.png"
ec228579-27cf-4cec-a9d4-61164613986c,35623,"https://africanstorybook.org/illustrations/covers/35623.png"
ac251b72-10c2-4263-b572-f14123c81618,35625,"https://africanstorybook.org/illustrations/covers/35625.png"
c3c1b623-7747-48d5-9b31-9e53eb86c6e9,35626,"https://africanstorybook.org/illustrations/covers/35626.png"
1fc0944e-b97d-4915-9cf4-d7758e691c5c,35627,"https://africanstorybook.org/illustrations/covers/35627.png"
d050c9eb-7c35-433d-80f1-c381beb1a789,35628,"https://africanstorybook.org/illustrations/covers/35628.png"
e1df3cd5-b4b4-43cf-8f6c-35a04a3a67d5,35629,"https://africanstorybook.org/illustrations/covers/35629.png"
87e02a1c-690d-4b4f-ad5e-1de0dc69bfd2,35633,"https://africanstorybook.org/illustrations/covers/35633.png"
13640f72-cde3-4e7f-922d-e96be2a01d40,35634,"https://africanstorybook.org/illustrations/covers/35634.png"
4c699618-ca83-4ab3-aa45-0a2de0bfbfd6,35643,"https://africanstorybook.org/illustrations/covers/35643.png"
30717d3f-5df3-4b2f-9689-8bb92d238564,35717,"https://africanstorybook.org/illustrations/covers/35717.png"
61704755-f4e9-4054-9eb8-d901a4a83c45,35730,"https://africanstorybook.org/illustrations/covers/35730.png"
0e8bf070-8c54-47d4-b208-521e57ec9a06,35731,"https://africanstorybook.org/illustrations/covers/35731.png"
98d989bc-fd06-46b5-98e5-33983546a9c4,35770,"https://africanstorybook.org/illustrations/covers/35770.png"
03d4cc8b-b405-408f-a85c-f30cb7431dd3,35782,"https://africanstorybook.org/illustrations/covers/35782.png"
7ad47c0d-653b-4992-99a0-3f9becbed4ce,35785,"https://africanstorybook.org/illustrations/covers/35785.png"
c9bf6104-c622-431c-af47-9d4b0b876691,35857,"https://africanstorybook.org/illustrations/covers/35857.png"
d8a15799-2ce9-41eb-822c-4a5a84a6457b,35860,"https://africanstorybook.org/illustrations/covers/35860.png"
f74e447e-1495-4778-a5f2-49e99256d5c2,35872,"https://africanstorybook.org/illustrations/covers/35872.png"
fb8734f8-88a8-4b67-b886-eada7754844c,35910,"https://africanstorybook.org/illustrations/covers/35910.png"
28051b09-d381-4926-8f69-ea497703f89f,35911,"https://africanstorybook.org/illustrations/covers/35911.png"
057faa79-793a-4061-b9e9-b4760b879700,35912,"https://africanstorybook.org/illustrations/covers/35912.png"
f251e582-2c9d-472d-a891-56d4afabd937,35945,"https://africanstorybook.org/illustrations/covers/35945.png"
9157f9d5-2d72-49f3-b2bf-c99e9423fcbb,35952,"https://africanstorybook.org/illustrations/covers/35952.png"
48def959-031e-430f-90e3-c9f3c5989f7f,35954,"https://africanstorybook.org/illustrations/covers/35954.png"
f42560a9-7061-4ae2-a268-fba5fddad540,35955,"https://africanstorybook.org/illustrations/covers/35955.png"
d5be6315-9ef7-47c0-8a3a-2eb7754e03e1,35957,"https://africanstorybook.org/illustrations/covers/35957.png"
e0d8781b-781c-40ed-b597-7d7ee79ea811,35983,"https://africanstorybook.org/illustrations/covers/35983.png"
aa92a4c5-bbcb-4606-97fe-d5ce5ab5bbdb,35990,"https://africanstorybook.org/illustrations/covers/35990.png"
a1131d20-0ca9-4817-b539-1bb2b6b81e27,36105,"https://africanstorybook.org/illustrations/covers/36105.png"
c853c32b-e85d-4961-9418-871b47403955,36152,"https://africanstorybook.org/illustrations/covers/36152.png"
20a45619-e2c5-4a72-8140-83653350a710,36157,"https://africanstorybook.org/illustrations/covers/36157.png"
cd5c5077-22d5-4c51-8ee4-94dc34274dfe,36159,"https://africanstorybook.org/illustrations/covers/36159.png"
cd9a7c32-fcae-4a06-a74b-fb3ac91d891c,36192,"https://africanstorybook.org/illustrations/covers/36192.png"
a9c091f7-02b4-4363-9298-2b7a81bc7b85,36194,"https://africanstorybook.org/illustrations/covers/36194.png"
b01f6239-98bb-434c-ba84-f0b7d658a2b6,36240,"https://africanstorybook.org/illustrations/covers/36240.png"
56c92f80-b577-4d97-acc5-752913030f70,36299,"https://africanstorybook.org/illustrations/covers/36299.png"
0050f7ad-11e2-4f19-a5e2-a0f37ca3b5cb,36320,"https://africanstorybook.org/illustrations/covers/36320.png"
306c0f7b-d044-4fcd-95ab-c06fcbea6e16,36494,"https://africanstorybook.org/illustrations/covers/36494.png"
47346942-1622-4b98-8551-7b02ccd03e58,36495,"https://africanstorybook.org/illustrations/covers/36495.png"
6de14d52-866f-4030-94dd-af92e5269f70,36498,"https://africanstorybook.org/illustrations/covers/36498.png"
89ab411e-9377-4e64-af07-aae875922a86,36503,"https://africanstorybook.org/illustrations/covers/36503.png"
3aedfad6-8531-4e9f-82d5-92ada87a72f6,36505,"https://africanstorybook.org/illustrations/covers/36505.png"
802f47f3-598a-43b9-9449-425232dc486c,36533,"https://africanstorybook.org/illustrations/covers/36533.png"
26fa39ba-b746-4e1d-9684-97d672c93d34,36534,"https://africanstorybook.org/illustrations/covers/36534.png"
4dde2dbb-637f-4e58-8b99-5f45d00c0dcd,36535,"https://africanstorybook.org/illustrations/covers/36535.png"
4f8f951f-dc38-4a54-a7ae-49e4e801912a,36548,"https://africanstorybook.org/illustrations/covers/36548.png"
f9c7bb79-18bf-4362-a5b3-29c86cfb2588,36557,"https://africanstorybook.org/illustrations/covers/36557.png"
85550548-81ff-4adf-9c0b-737edbeca90f,36575,"https://africanstorybook.org/illustrations/covers/36575.png"
fbb1a1fd-4141-489e-a37a-e9f5c9350b97,36581,"https://africanstorybook.org/illustrations/covers/36581.png"
09db45da-1c9a-4da6-8c34-ef7071366dec,36582,"https://africanstorybook.org/illustrations/covers/36582.png"
1acb9575-1409-4e9e-8ded-f5263df08ad3,36640,"https://africanstorybook.org/illustrations/covers/36640.png"
c2d1b189-5a44-42a6-86c9-99684e259eb7,36642,"https://africanstorybook.org/illustrations/covers/36642.png"
5dd5f398-32f5-4e35-959b-233569812d7c,36652,"https://africanstorybook.org/illustrations/covers/36652.png"
016da7cd-35eb-4281-a241-2d11c0ff7aba,36657,"https://africanstorybook.org/illustrations/covers/36657.png"
cd578d2e-1952-4fd9-abe9-706465e7c95e,36661,"https://africanstorybook.org/illustrations/covers/36661.png"
e713a09a-3fa8-45cb-806d-2b9319a94b89,36664,"https://africanstorybook.org/illustrations/covers/36664.png"
89d6ee34-4ad3-45ea-91ee-bc4fd64201e9,36671,"https://africanstorybook.org/illustrations/covers/36671.png"
965f8b70-3bc5-482b-ba61-d1b052a5938c,36706,"https://africanstorybook.org/illustrations/covers/36706.png"
fa28e09e-8d19-4598-be82-b4aa8a582002,36707,"https://africanstorybook.org/illustrations/covers/36707.png"
741f9a46-2703-4181-83ff-30d63ab1e109,36714,"https://africanstorybook.org/illustrations/covers/36714.png"
4275096a-37ab-439c-9c7e-6bfb0f438e0e,36721,"https://africanstorybook.org/illustrations/covers/36721.png"
5c9b7801-0e1c-402a-b49c-a27ac372cf1c,36730,"https://africanstorybook.org/illustrations/covers/36730.png"
772fabc1-46e0-46fc-b051-ea42629bfb44,36739,"https://africanstorybook.org/illustrations/covers/36739.png"
fd8fd216-b6ed-4418-932c-0f65f2619e5a,36743,"https://africanstorybook.org/illustrations/covers/36743.png"
afe5e837-3e9e-4a1c-85c9-bd068ec9f4e1,36755,"https://africanstorybook.org/illustrations/covers/36755.png"
5e535801-9ce4-463f-8535-b383ba34fbe1,36760,"https://africanstorybook.org/illustrations/covers/36760.png"
da7d0808-e079-4940-adf0-accdd08f6748,36794,"https://africanstorybook.org/illustrations/covers/36794.png"
927c5975-7052-402d-a3f8-9d3510c82841,36798,"https://africanstorybook.org/illustrations/covers/36798.png"
5f5b76b2-ab19-435b-b5d1-3e42a0387f27,36799,"https://africanstorybook.org/illustrations/covers/36799.png"
6afd6a44-dd2e-406d-a667-be354793eaa2,36806,"https://africanstorybook.org/illustrations/covers/36806.png"
3a5346fd-d366-4af5-b369-6d806f591039,36862,"https://africanstorybook.org/illustrations/covers/36862.png"
b758170e-da91-4e5c-9e95-0feda7a1b2b2,36863,"https://africanstorybook.org/illustrations/covers/36863.png"
e31fe9f1-afe3-4d76-a795-bf3562972d75,36993,"https://africanstorybook.org/illustrations/covers/36993.png"
8e9cfd15-c101-47b6-bb2f-7cb88d44f3aa,37009,"https://africanstorybook.org/illustrations/covers/37009.png"
3c85e7f3-649e-4b5d-9bca-d99728624243,37190,"https://africanstorybook.org/illustrations/covers/37190.png"
cf7804ad-3831-498f-b426-5f0340d66699,37191,"https://africanstorybook.org/illustrations/covers/37191.png"
e7e6e39b-a87c-4cad-91d6-65e8f3b17600,37192,"https://africanstorybook.org/illustrations/covers/37192.png"
14ef47db-c8aa-47b6-9159-eee87df012bc,37218,"https://africanstorybook.org/illustrations/covers/37218.png"
c99e9723-eeb8-4a4f-b80b-2ce3fdfbc441,37223,"https://africanstorybook.org/illustrations/covers/37223.png"
11f80fd3-627d-4f60-a81a-c1a58d57a336,37278,"https://africanstorybook.org/illustrations/covers/37278.png"
d40b81ba-1e5f-461b-bf91-33414b0f39b1,37346,"https://africanstorybook.org/illustrations/covers/37346.png"
d854bca0-08cf-4acb-a66c-9d2c5c546ba2,37349,"https://africanstorybook.org/illustrations/covers/37349.png"
d0d91447-ade9-40cf-b536-9d40851a58b0,37350,"https://africanstorybook.org/illustrations/covers/37350.png"
d93da7bd-29e4-4531-ab80-a88a7c085a94,37352,"https://africanstorybook.org/illustrations/covers/37352.png"
65088445-1513-47b4-b6eb-6459f53176c8,37353,"https://africanstorybook.org/illustrations/covers/37353.png"
ded8865a-97e8-4de0-bdd7-edc45b02f099,37354,"https://africanstorybook.org/illustrations/covers/37354.png"
e1f60ac7-dae3-4c67-a292-cd83372a7659,37356,"https://africanstorybook.org/illustrations/covers/37356.png"
2e4876d5-8609-4f85-8ecb-498d1004c64c,37358,"https://africanstorybook.org/illustrations/covers/37358.png"
05b67a8b-2037-4ad8-a344-6b860042728c,37429,"https://africanstorybook.org/illustrations/covers/37429.png"
bbb3f789-4b40-4496-b4aa-4c0956a00d81,37446,"https://africanstorybook.org/illustrations/covers/37446.png"
6a100e7e-67ca-4c42-b6cc-fbf7ea553d54,37483,"https://africanstorybook.org/illustrations/covers/37483.png"
01681e96-f012-4e7b-adcd-dd75b23b218e,37486,"https://africanstorybook.org/illustrations/covers/37486.png"
fc1bb2a7-da00-4a83-8392-f1d5f044bfc2,37488,"https://africanstorybook.org/illustrations/covers/37488.png"
c94e696f-b847-47e1-bd2c-3412dc036132,37495,"https://africanstorybook.org/illustrations/covers/37495.png"
3a649cd6-0c9e-4f24-b965-328ebba9c1de,37498,"https://africanstorybook.org/illustrations/covers/37498.png"
33899cb2-3e53-450e-8d75-c8157d5c0d9a,37501,"https://africanstorybook.org/illustrations/covers/37501.png"
be02401b-2eb2-4748-9b70-b85530a7562f,37502,"https://africanstorybook.org/illustrations/covers/37502.png"
c52e08ce-5f1c-49c6-9e9d-262b1f18892a,37504,"https://africanstorybook.org/illustrations/covers/37504.png"
199dc6ce-3e54-4537-8e19-e0f94f070491,37505,"https://africanstorybook.org/illustrations/covers/37505.png"
dbb19083-17d6-43fe-8031-fa35cbf23da4,37512,"https://africanstorybook.org/illustrations/covers/37512.png"
0d6643dc-26b6-4e3e-ad00-a18f564ae7e8,37515,"https://africanstorybook.org/illustrations/covers/37515.png"
3ade2fff-06aa-427b-aa2a-3a7b15278d3f,37519,"https://africanstorybook.org/illustrations/covers/37519.png"
027f3151-ce37-465d-a430-010c2c515015,37521,"https://africanstorybook.org/illustrations/covers/37521.png"
e46318d6-e2c9-42b3-a7af-edec21268770,37523,"https://africanstorybook.org/illustrations/covers/37523.png"
452ec18d-a343-4375-abcb-636bc0bd9c78,37541,"https://africanstorybook.org/illustrations/covers/37541.png"
c83fd8ac-6e1d-489f-88e7-0484c12cd91a,37542,"https://africanstorybook.org/illustrations/covers/37542.png"
154c9b05-4e62-4dc0-8de9-16bff4b2c021,37547,"https://africanstorybook.org/illustrations/covers/37547.png"
e40998e7-7f03-4cda-9ae4-603da47e7f5d,37552,"https://africanstorybook.org/illustrations/covers/37552.png"
a8795033-b542-4d6f-af81-1228bc80a6c9,37559,"https://africanstorybook.org/illustrations/covers/37559.png"
c9a283b3-9c45-4c76-8d75-289e18039562,37560,"https://africanstorybook.org/illustrations/covers/37560.png"
2f7d5278-94c8-4861-adba-31d62d60ef7b,37564,"https://africanstorybook.org/illustrations/covers/37564.png"
a996515b-43d4-4281-82b5-6c25ea4e9cbb,37577,"https://africanstorybook.org/illustrations/covers/37577.png"
d537a3a9-e3a5-460d-932e-249d3023991e,37579,"https://africanstorybook.org/illustrations/covers/37579.png"
de25d69a-6750-4222-a6e3-36ed848d8c81,37603,"https://africanstorybook.org/illustrations/covers/37603.png"
04d8fe8e-fc99-4a1b-916d-f7af3f84c827,37606,"https://africanstorybook.org/illustrations/covers/37606.png"
d671748c-1723-4018-b8c2-5b5d21c645da,37611,"https://africanstorybook.org/illustrations/covers/37611.png"
88e3149f-d819-422b-a285-53903098c3fd,37612,"https://africanstorybook.org/illustrations/covers/37612.png"
ab563547-fae9-4dfc-bab8-6269e8bc1d6c,37629,"https://africanstorybook.org/illustrations/covers/37629.png"
07f016f8-a92d-45e7-8a16-1fd392eb648e,37637,"https://africanstorybook.org/illustrations/covers/37637.png"
cf0db6a5-2b2a-4c0f-8e15-e6faaacea15b,37672,"https://africanstorybook.org/illustrations/covers/37672.png"
39b0120a-8b3b-4dad-ad02-fe0fb11bfc1c,37691,"https://africanstorybook.org/illustrations/covers/37691.png"
d9a5d56b-ae9b-4b91-9c0f-6c18ecd589f0,37752,"https://africanstorybook.org/illustrations/covers/37752.png"
bbcd3c03-6caf-4dff-946e-cc32734b1c8e,37760,"https://africanstorybook.org/illustrations/covers/37760.png"
3a93b9eb-fbd9-44d1-a10e-f73236d0285e,37769,"https://africanstorybook.org/illustrations/covers/37769.png"
86dbfc5a-7735-4abe-929f-97ec6036b387,37771,"https://africanstorybook.org/illustrations/covers/37771.png"
15ab35bc-521d-45a6-90c1-ad3c7b059d5d,37783,"https://africanstorybook.org/illustrations/covers/37783.png"
f35359ed-a66b-48e7-a739-2e4356ab0911,37793,"https://africanstorybook.org/illustrations/covers/37793.png"
b804bc4e-b8cf-4a51-b98a-b8de3738c3e0,37810,"https://africanstorybook.org/illustrations/covers/37810.png"
dd98195a-b999-470e-ba0a-36f0b3fb29b2,37814,"https://africanstorybook.org/illustrations/covers/37814.png"
19278ac8-5a07-49ae-9751-10e1dd2dbb28,37820,"https://africanstorybook.org/illustrations/covers/37820.png"
20ac4fd3-605b-4ad8-8681-db84dec20f6c,37830,"https://africanstorybook.org/illustrations/covers/37830.png"
a9a94cc2-95fa-420c-834b-10e62eb45eee,37842,"https://africanstorybook.org/illustrations/covers/37842.png"
4ee88cf7-afd6-4286-a662-bd4f8350be1d,37860,"https://africanstorybook.org/illustrations/covers/37860.png"
d4ae1a6a-a9f1-43d2-bc0f-29b613549871,37863,"https://africanstorybook.org/illustrations/covers/37863.png"
38663e42-d5c4-45ba-93ac-091129ea37e0,37864,"https://africanstorybook.org/illustrations/covers/37864.png"
487be2dd-d7d7-42bb-8fd9-f331197676a4,37871,"https://africanstorybook.org/illustrations/covers/37871.png"
3b97c77e-e5ba-4e47-85fd-740b81c72925,37874,"https://africanstorybook.org/illustrations/covers/37874.png"
13723194-b269-4978-8e43-ec884135067f,37884,"https://africanstorybook.org/illustrations/covers/37884.png"
c0ac9240-29d5-4b62-aaf0-eef71b483de3,37885,"https://africanstorybook.org/illustrations/covers/37885.png"
fcb75912-997f-4b34-b6db-84f2dd904830,37889,"https://africanstorybook.org/illustrations/covers/37889.png"
79f6d756-7a86-4a5b-84f4-fff16016e988,37895,"https://africanstorybook.org/illustrations/covers/37895.png"
bfe8fb00-320d-4484-8e4c-c97f232bb971,37896,"https://africanstorybook.org/illustrations/covers/37896.png"
328edc48-ba96-476b-9447-ac6e5c00219c,37897,"https://africanstorybook.org/illustrations/covers/37897.png"
6d03e8ef-0ef8-4570-8d3f-174b08332f26,37900,"https://africanstorybook.org/illustrations/covers/37900.png"
b59dccc6-1866-4984-a05a-3bb4d3f76424,37901,"https://africanstorybook.org/illustrations/covers/37901.png"
793607d7-60d1-4a04-a566-b69ea335b6d2,37917,"https://africanstorybook.org/illustrations/covers/37917.png"
05b4721d-36fb-4d7c-a4eb-887bf9c54436,37925,"https://africanstorybook.org/illustrations/covers/37925.png"
3e0856cc-beb7-494d-aaa3-ddc852d9f723,37933,"https://africanstorybook.org/illustrations/covers/37933.png"
9ff08696-81c3-4ed9-95ee-ad2cf010c3de,37986,"https://africanstorybook.org/illustrations/covers/37986.png"
a88d8772-4ce8-4780-9482-b4c3157b524c,37990,"https://africanstorybook.org/illustrations/covers/37990.png"
751a6839-1955-49e3-9b37-2e9d0222446d,38084,"https://africanstorybook.org/illustrations/covers/38084.png"
c4bbd468-52e4-44d7-8891-b9092664146f,38085,"https://africanstorybook.org/illustrations/covers/38085.png"
f991dc55-01e3-4364-82ad-7b134ac96d4d,38088,"https://africanstorybook.org/illustrations/covers/38088.png"
7fe01713-eb11-47cb-99e9-82595e380d23,38089,"https://africanstorybook.org/illustrations/covers/38089.png"
fe6d0204-e19a-4261-9949-a7fc6ae42f13,38092,"https://africanstorybook.org/illustrations/covers/38092.png"
93a08a90-27d6-4459-8b05-17c202a2e086,38098,"https://africanstorybook.org/illustrations/covers/38098.png"
e80b7954-c1ae-4708-94be-8a04c156d640,38111,"https://africanstorybook.org/illustrations/covers/38111.png"
1e4a52d6-00e9-4e01-abd5-9f20050d71d6,38116,"https://africanstorybook.org/illustrations/covers/38116.png"
9cd52216-3c06-490b-934f-1c57a668f4c1,38125,"https://africanstorybook.org/illustrations/covers/38125.png"
370273a8-d7df-4614-8c92-88a3f31e5eaa,38131,"https://africanstorybook.org/illustrations/covers/38131.png"
20862255-e986-4f6c-a95c-b12b8cfb61f5,38137,"https://africanstorybook.org/illustrations/covers/38137.png"
3fab878d-3d47-4b90-8a23-67570644ae6f,38138,"https://africanstorybook.org/illustrations/covers/38138.png"
1d4559f8-e6b8-4157-84af-cbe4ef96bca8,38140,"https://africanstorybook.org/illustrations/covers/38140.png"
fee3fb6b-bbce-4bda-86f6-169271d0e0d2,38145,"https://africanstorybook.org/illustrations/covers/38145.png"
2fa8fe7c-8535-4354-98a0-9b2db942a94c,38147,"https://africanstorybook.org/illustrations/covers/38147.png"
e21763a1-6b07-45ff-bbc4-941aa573c9ae,38152,"https://africanstorybook.org/illustrations/covers/38152.png"
e76409a3-7cd9-4531-8626-7a96242e2fff,38163,"https://africanstorybook.org/illustrations/covers/38163.png"
cd3dfb0d-30ee-4c9d-8639-84f526cbef4f,38165,"https://africanstorybook.org/illustrations/covers/38165.png"
85447802-25b3-4088-b126-9e2c6ef001af,38171,"https://africanstorybook.org/illustrations/covers/38171.png"
8977ac70-0cac-4bdd-bcdf-fa328e3b743e,38181,"https://africanstorybook.org/illustrations/covers/38181.png"
a5181a1c-a5d6-4331-bcc2-027aa8f4e40d,38188,"https://africanstorybook.org/illustrations/covers/38188.png"
12ac4b70-0ab2-4c75-8787-dd171f900dd4,38189,"https://africanstorybook.org/illustrations/covers/38189.png"
6378758e-a0b9-4d87-a06c-fc541e1b67cb,38193,"https://africanstorybook.org/illustrations/covers/38193.png"
6e96736f-8fd9-4f2b-ad66-e2d646a7cccc,38195,"https://africanstorybook.org/illustrations/covers/38195.png"
4a06fa12-5592-4642-aa13-51fb2eedd5d6,38197,"https://africanstorybook.org/illustrations/covers/38197.png"
f4ce3a3c-f24b-4f75-ac46-7de50c06b23a,38199,"https://africanstorybook.org/illustrations/covers/38199.png"
61deb7a3-f726-4175-93f2-368c6d97c276,38207,"https://africanstorybook.org/illustrations/covers/38207.png"
338832bc-6d0a-439a-bccb-fe7bc0548f1d,38211,"https://africanstorybook.org/illustrations/covers/38211.png"
0377c434-643c-4dc7-8a12-4e8354883455,38213,"https://africanstorybook.org/illustrations/covers/38213.png"
e67364b5-38f0-43b2-9967-f3d0ae57293f,38214,"https://africanstorybook.org/illustrations/covers/38214.png"
8e0fe4ae-0acb-4bd0-bc60-e1d3e6f4ac6d,38219,"https://africanstorybook.org/illustrations/covers/38219.png"
04b3bc05-4faa-4d53-99b2-56aafd8c422c,38226,"https://africanstorybook.org/illustrations/covers/38226.png"
b35baad4-5523-40a6-a4df-b13c1cad6fd4,38234,"https://africanstorybook.org/illustrations/covers/38234.png"
8ae9213b-635e-4cbf-b41d-cd6937302949,38235,"https://africanstorybook.org/illustrations/covers/38235.png"
45245080-de4f-43a0-a282-b9d4ccf9f88c,38236,"https://africanstorybook.org/illustrations/covers/38236.png"
a74944d5-fda1-4ce3-8683-d60a66d0996d,38238,"https://africanstorybook.org/illustrations/covers/38238.png"
72c337f7-e5ee-4e59-9b5f-6e0f983adaac,38239,"https://africanstorybook.org/illustrations/covers/38239.png"
0b179aa2-222e-4548-a446-cdc7e8ed04f8,38278,"https://africanstorybook.org/illustrations/covers/38278.png"
f2613af0-9ae7-48f7-a5ec-128800dcffb0,38287,"https://africanstorybook.org/illustrations/covers/38287.png"
e5593b6d-478f-4d3c-af67-64633bf2679f,38289,"https://africanstorybook.org/illustrations/covers/38289.png"
5634166f-65f0-4e25-ac77-690ad6aa649d,38291,"https://africanstorybook.org/illustrations/covers/38291.png"
de2f6ecd-adb9-4dc3-a18e-e468c9de152a,38293,"https://africanstorybook.org/illustrations/covers/38293.png"
aab1e3fb-6ccd-4d0a-89c8-4a6e8d5e15b9,38296,"https://africanstorybook.org/illustrations/covers/38296.png"
1fdcc6a7-8e5d-4355-aa2e-bb52d4e0ce5a,38299,"https://africanstorybook.org/illustrations/covers/38299.png"
4bbe6363-0aaf-45fe-8946-b7a50a574ac6,38307,"https://africanstorybook.org/illustrations/covers/38307.png"
78cc0f10-4481-4e7d-ad74-150330a1e694,38308,"https://africanstorybook.org/illustrations/covers/38308.png"
cdf19b4b-9065-4218-a598-18eab5eaf97b,38311,"https://africanstorybook.org/illustrations/covers/38311.png"
7223e85b-cafc-4509-b445-9db1f36fe8dc,38313,"https://africanstorybook.org/illustrations/covers/38313.png"
0bbd61bc-f16c-4abc-b9ad-dcb34574e14e,38314,"https://africanstorybook.org/illustrations/covers/38314.png"
c76c16fa-eba6-4423-87bf-e57a18213da5,38316,"https://africanstorybook.org/illustrations/covers/38316.png"
75d9794f-928b-4b55-90b9-f6dbc4af0968,38317,"https://africanstorybook.org/illustrations/covers/38317.png"
67693bc5-292c-4e0f-ac90-1d80346ce9c3,38326,"https://africanstorybook.org/illustrations/covers/38326.png"
8c35ea03-d8dd-4171-a625-4c4e4bb9f630,38338,"https://africanstorybook.org/illustrations/covers/38338.png"
a3e7d8c5-0080-4fee-afda-2851a6f11fbb,38372,"https://africanstorybook.org/illustrations/covers/38372.png"
cfa89137-2525-4fa4-bcb4-20d943af8e49,38382,"https://africanstorybook.org/illustrations/covers/38382.png"
0a68b733-81dc-4afb-b293-cfae72e17db2,38391,"https://africanstorybook.org/illustrations/covers/38391.png"
889e0626-4dac-40c2-810e-317c33f5c2ee,38411,"https://africanstorybook.org/illustrations/covers/38411.png"
c38befcc-a5e8-4d4d-b70a-09b9aadd16e1,38423,"https://africanstorybook.org/illustrations/covers/38423.png"
596325cb-9e05-4267-a0ed-3fec5eacccf5,38445,"https://africanstorybook.org/illustrations/covers/38445.png"
36b6a4dd-1e89-4870-b6e2-e997ac29c731,38456,"https://africanstorybook.org/illustrations/covers/38456.png"
6dcbd9a6-0cd2-442e-9e81-636dafc43eca,38467,"https://africanstorybook.org/illustrations/covers/38467.png"
4d62e671-a957-4429-a0e5-76dd1daf34e0,38477,"https://africanstorybook.org/illustrations/covers/38477.png"
3e201f59-936d-434c-a41c-cce42900296d,38480,"https://africanstorybook.org/illustrations/covers/38480.png"
7c1fdf4c-c276-41b5-bcc7-16b2db933458,38494,"https://africanstorybook.org/illustrations/covers/38494.png"
cac85792-ed7e-445b-b811-a8bb24b14904,38507,"https://africanstorybook.org/illustrations/covers/38507.png"
37c3ab1e-0dde-483e-8ae8-5d3472b65fa7,38517,"https://africanstorybook.org/illustrations/covers/38517.png"
aefc3598-0b93-4f63-a1e5-34bc26218526,38522,"https://africanstorybook.org/illustrations/covers/38522.png"
93c306a7-8100-4c38-89d7-6a0e84ec668f,38528,"https://africanstorybook.org/illustrations/covers/38528.png"
38660e54-8da9-4d4c-ab46-d143f9d43fbb,38534,"https://africanstorybook.org/illustrations/covers/38534.png"
610b74a0-9c82-43e4-9e4e-8d3b063f2aa9,38538,"https://africanstorybook.org/illustrations/covers/38538.png"
fb310905-4f4a-4727-841f-5264de4abc2d,38539,"https://africanstorybook.org/illustrations/covers/38539.png"
ad15c8c6-1685-4916-8976-50f3f2f1a82f,38540,"https://africanstorybook.org/illustrations/covers/38540.png"
e8fe80fe-1ad2-4f58-96ce-089f5bd94be9,38580,"https://africanstorybook.org/illustrations/covers/38580.png"
098235c5-244e-42ad-b946-be881ad08439,38582,"https://africanstorybook.org/illustrations/covers/38582.png"
802c0508-0aea-4178-9739-4231474183f7,38592,"https://africanstorybook.org/illustrations/covers/38592.png"
dfba782a-9071-4680-ad55-91922adc348e,38602,"https://africanstorybook.org/illustrations/covers/38602.png"
f22087a1-1118-4190-b6dd-168b0556248d,38633,"https://africanstorybook.org/illustrations/covers/38633.png"
dbf95881-2031-4364-b2e4-05394ace5685,38646,"https://africanstorybook.org/illustrations/covers/38646.png"
767571ae-c8f0-4633-a580-81dfa1ec5fc0,38656,"https://africanstorybook.org/illustrations/covers/38656.png"
affd83dc-fe3c-4297-8369-e7d2fc6a674d,38666,"https://africanstorybook.org/illustrations/covers/38666.png"
8580e871-cdb8-45d4-a4c2-aa8c53254aae,38676,"https://africanstorybook.org/illustrations/covers/38676.png"
d816ce21-57cf-4161-9c10-e38f13368fdb,38686,"https://africanstorybook.org/illustrations/covers/38686.png"
1cd71aac-cf83-4c01-b2b7-0091fb1f2b2c,38696,"https://africanstorybook.org/illustrations/covers/38696.png"
74f71dfd-3766-41e5-b634-8007a6076ca9,38706,"https://africanstorybook.org/illustrations/covers/38706.png"
fbc71e7e-3f88-4d2b-906e-d9e50684758d,38716,"https://africanstorybook.org/illustrations/covers/38716.png"
37d1cc46-b927-49be-bfd7-fcca85e682ed,38726,"https://africanstorybook.org/illustrations/covers/38726.png"
a6d1e641-8ef9-425e-a7ba-cb5eb33d4f84,38741,"https://africanstorybook.org/illustrations/covers/38741.png"
6efcb9e5-0b46-43d0-a6d8-c7f8c1ab1463,38748,"https://africanstorybook.org/illustrations/covers/38748.png"
c011461a-2d1b-4f68-97f4-c60c7cf2eb1c,38752,"https://africanstorybook.org/illustrations/covers/38752.png"
cee15418-3a3a-4396-b70c-15b2ecd35476,38753,"https://africanstorybook.org/illustrations/covers/38753.png"
e896e6fb-888b-42f0-acec-3fbaf4b59df1,38756,"https://africanstorybook.org/illustrations/covers/38756.png"
f8383866-10af-4beb-9976-b8c2682b9d54,38758,"https://africanstorybook.org/illustrations/covers/38758.png"
75e76ad9-80b0-4744-a871-65e64a716678,38777,"https://africanstorybook.org/illustrations/covers/38777.png"
d8021f1e-733f-4483-ad31-ce46fe373aed,38778,"https://africanstorybook.org/illustrations/covers/38778.png"
c3ced17f-76be-407e-aa28-23a343aee620,38788,"https://africanstorybook.org/illustrations/covers/38788.png"
94ed24d5-b555-4d5d-b149-50085c988e6d,38791,"https://africanstorybook.org/illustrations/covers/38791.png"
a252b9ed-47fe-4f87-8202-080295bf7445,38793,"https://africanstorybook.org/illustrations/covers/38793.png"
f4462e6e-0e69-4f3f-b9de-dcbf5d3b2d28,38795,"https://africanstorybook.org/illustrations/covers/38795.png"
e5b8b0f9-e8fa-4a5a-a7b0-fa6b64ea913c,38808,"https://africanstorybook.org/illustrations/covers/38808.png"
4b37039a-9e6e-4e0d-be5f-ffd2a58dc298,38813,"https://africanstorybook.org/illustrations/covers/38813.png"
0fc855bb-220c-448c-943c-6ac7a7ab9831,38814,"https://africanstorybook.org/illustrations/covers/38814.png"
9c946a77-9827-45f1-8193-1f2c5159f4a6,38817,"https://africanstorybook.org/illustrations/covers/38817.png"
1aaa2c22-0a19-4b70-9708-4aa6a540dd4c,38818,"https://africanstorybook.org/illustrations/covers/38818.png"
8d73e902-4dca-40e1-ab6c-49fce710d4d1,38819,"https://africanstorybook.org/illustrations/covers/38819.png"
a8de466c-7773-41fb-8661-39fe09fa084e,38821,"https://africanstorybook.org/illustrations/covers/38821.png"
987bee8d-41cb-4e0a-a3e2-496afdca8e53,38826,"https://africanstorybook.org/illustrations/covers/38826.png"
e6312984-abd1-4b97-8f02-2753948d7ba1,38827,"https://africanstorybook.org/illustrations/covers/38827.png"
46057d03-bea0-4b22-ab26-8c5f9ac21014,38828,"https://africanstorybook.org/illustrations/covers/38828.png"
20900557-29c6-46e9-804e-aa22ab67d753,38840,"https://africanstorybook.org/illustrations/covers/38840.png"
c11edb7b-1a49-4e8c-9c3e-c59a9eb5efa5,38852,"https://africanstorybook.org/illustrations/covers/38852.png"
08bd4fd7-fa0f-4d40-812f-823e53c400d1,38860,"https://africanstorybook.org/illustrations/covers/38860.png"
33488001-86f3-4969-bb7b-bbee8c71c2de,38873,"https://africanstorybook.org/illustrations/covers/38873.png"
48254b61-9be0-414f-b692-0e0674e7e4ac,38878,"https://africanstorybook.org/illustrations/covers/38878.png"
3994a909-0767-49ae-a6e5-42a9c905eb1c,38888,"https://africanstorybook.org/illustrations/covers/38888.png"
0c85ec2b-aa3b-4aab-ac1c-9aae417c4c49,38898,"https://africanstorybook.org/illustrations/covers/38898.png"
49e257f1-2451-48a0-9f2f-613b203412a7,38909,"https://africanstorybook.org/illustrations/covers/38909.png"
7e823769-8adb-4b05-b29a-b06279c9cc5d,33976,"https://africanstorybook.org/illustrations/covers/33976.png"
945e0f3d-4c21-4d8b-ab1d-119aaa32bea0,33980,"https://africanstorybook.org/illustrations/covers/33980.png"
8538d6aa-eafa-4b2e-b480-7f0802754e3b,38964,"https://africanstorybook.org/illustrations/covers/38964.png"
d84129be-d6bf-4514-98b4-00358e5a4669,38969,"https://africanstorybook.org/illustrations/covers/38969.png"
06686d91-8044-4908-b617-d4ff26d44336,39035,"https://africanstorybook.org/illustrations/covers/39035.png"
4653cdd7-a322-49eb-a08e-14e2de86bab5,39040,"https://africanstorybook.org/illustrations/covers/39040.png"
692474af-6963-4752-af25-2ade38e6a04e,39046,"https://africanstorybook.org/illustrations/covers/39046.png"
3304b43b-4583-477f-9a2e-ebedc68231d5,39049,"https://africanstorybook.org/illustrations/covers/39049.png"
9adaa6a5-ac1d-47ee-bd6c-aa85ec9fe8e3,39051,"https://africanstorybook.org/illustrations/covers/39051.png"
cdf8cb1a-fa23-45a8-aff6-c6605987f026,39052,"https://africanstorybook.org/illustrations/covers/39052.png"
8e7a7d17-8339-4763-bd8f-07ec3d6dcb5a,39060,"https://africanstorybook.org/illustrations/covers/39060.png"
d2371142-ba14-4b6a-aa2e-72fc0787dfef,39064,"https://africanstorybook.org/illustrations/covers/39064.png"
29efbfb4-ee8e-4bc0-9ff3-2a014b65e5c0,39077,"https://africanstorybook.org/illustrations/covers/39077.png"
2a1e40b7-2403-4521-b470-81400d806de8,39087,"https://africanstorybook.org/illustrations/covers/39087.png"
559f42b5-e642-44dd-b87b-e861ed5e2e95,39097,"https://africanstorybook.org/illustrations/covers/39097.png"
551cc08c-739e-4a63-ae7a-613fd4c3f7b0,39105,"https://africanstorybook.org/illustrations/covers/39105.png"
ade878b4-c72e-400f-9ab1-7f5ba9228bf4,39108,"https://africanstorybook.org/illustrations/covers/39108.png"
23f0112f-9baa-4091-bd4e-828b189f2055,39114,"https://africanstorybook.org/illustrations/covers/39114.png"
a1005bc9-7195-43c2-a563-3e9246f6b873,39120,"https://africanstorybook.org/illustrations/covers/39120.png"
d2f6cfd5-647f-41f3-a3ae-514560ee5e20,39125,"https://africanstorybook.org/illustrations/covers/39125.png"
3619a344-1027-4a4d-9b14-d0c2acbf3278,39127,"https://africanstorybook.org/illustrations/covers/39127.png"
71203c1d-76f3-421e-b3f0-5d1078c103d5,39128,"https://africanstorybook.org/illustrations/covers/39128.png"
366f99bb-6027-4f18-92e4-4be220c00ba4,39130,"https://africanstorybook.org/illustrations/covers/39130.png"
1c8060cc-ac8a-414c-8150-1bf745d9d82f,39134,"https://africanstorybook.org/illustrations/covers/39134.png"
12d6ab62-0b4f-4baf-a145-8a8ebbcdca21,39137,"https://africanstorybook.org/illustrations/covers/39137.png"
30bb03c4-1971-4dee-8fe7-c91cdc9ea39a,39151,"https://africanstorybook.org/illustrations/covers/39151.png"
fd166a06-b1a6-4125-bdd4-615ed92e3cd5,39169,"https://africanstorybook.org/illustrations/covers/39169.png"
360ea2a9-86c7-4396-858d-7ba3f3b04ee7,39179,"https://africanstorybook.org/illustrations/covers/39179.png"
383dde48-98b1-4bbe-bbd9-816c1ea11e57,33246,"https://africanstorybook.org/illustrations/covers/33246.png"
40b49581-d1fb-451f-8e45-60de2a834921,39198,"https://africanstorybook.org/illustrations/covers/39198.png"
89097bec-1fdc-46c9-bbae-1b344727406b,39199,"https://africanstorybook.org/illustrations/covers/39199.png"
7b39da9d-a732-4c14-ae22-43c69bd5e60a,39221,"https://africanstorybook.org/illustrations/covers/39221.png"
b35f6bfd-6ed0-4ec8-aa8b-9c13e5253a6d,39249,"https://africanstorybook.org/illustrations/covers/39249.png"
94590d73-5628-4bcf-99e1-e798810874a3,39256,"https://africanstorybook.org/illustrations/covers/39256.png"
5c3815e5-4764-49cd-9f22-394bfaaba310,39265,"https://africanstorybook.org/illustrations/covers/39265.png"
7bdf547a-0ff7-4324-bf23-8c841eb33820,39283,"https://africanstorybook.org/illustrations/covers/39283.png"
1a9827ca-774f-47ef-a358-f2b7115745ba,39286,"https://africanstorybook.org/illustrations/covers/39286.png"
4ab26122-1e38-4e90-90d7-6161bdd71f16,39293,"https://africanstorybook.org/illustrations/covers/39293.png"
ec3d461d-d1ea-4958-b60e-5fb7aecc3156,33671,"https://africanstorybook.org/illustrations/covers/33671.png"
b708b128-c2d6-448c-914a-794847050f2c,39321,"https://africanstorybook.org/illustrations/covers/39321.png"
aad58438-6dcd-455e-ab6d-dad5cea32ff4,39325,"https://africanstorybook.org/illustrations/covers/39325.png"
4d930fb3-5336-4633-94b7-3aea95badeed,39354,"https://africanstorybook.org/illustrations/covers/39354.png"
dc21ddaa-9331-432c-995e-ba6062584c19,39406,"https://africanstorybook.org/illustrations/covers/39406.png"
ff7ae91f-4a42-400c-b04e-eb8f84c2f92a,39411,"https://africanstorybook.org/illustrations/covers/39411.png"
92343e35-4729-4305-9c3e-cf9ceac42156,39528,"https://africanstorybook.org/illustrations/covers/39528.png"
09659517-c360-4612-b470-53cd37e9f6aa,39562,"https://africanstorybook.org/illustrations/covers/39562.png"
b6286371-9e8c-4f84-831f-47de8f5a709e,33684,"https://africanstorybook.org/illustrations/covers/33684.png"
177ab5a1-9a37-45cd-8b6b-87a763edda17,33687,"https://africanstorybook.org/illustrations/covers/33687.png"
0c123061-9489-431c-8bb7-8b4ff9c0544e,33688,"https://africanstorybook.org/illustrations/covers/33688.png"
3aaf33fc-4a3b-4f9a-9457-852ede53a1e3,39563,"https://africanstorybook.org/illustrations/covers/39563.png"
38b6d08e-db08-4966-90b3-f301d31503c5,39568,"https://africanstorybook.org/illustrations/covers/39568.png"
d73a31d9-1820-4d73-a18a-ae5db267607e,39569,"https://africanstorybook.org/illustrations/covers/39569.png"
2af5377e-abc6-4a19-97ad-0c2ad1b5e653,33913,"https://africanstorybook.org/illustrations/covers/33913.png"
acb96471-a88c-4c61-b7f6-07102f12751e,39645,"https://africanstorybook.org/illustrations/covers/39645.png"
05b1abcc-c270-41e4-bc57-4ce268195635,39662,"https://africanstorybook.org/illustrations/covers/39662.png"
882fdc48-5ffb-41ad-8a75-eb554d4dd6f5,39671,"https://africanstorybook.org/illustrations/covers/39671.png"
9171434f-bc92-4a82-a11b-e33581a8a5ff,39727,"https://africanstorybook.org/illustrations/covers/39727.png"
2862869a-e221-4a06-84a3-900fd8b04f03,39749,"https://africanstorybook.org/illustrations/covers/39749.png"
01e2fa14-02a7-46b0-8ad3-b22769027b5f,39768,"https://africanstorybook.org/illustrations/covers/39768.png"
36c4f2d5-b0a7-46e1-83c9-6480aa8b7188,33929,"https://africanstorybook.org/illustrations/covers/33929.png"
0249ae0d-0ea7-4f09-8678-7fc3fbbf4d2e,39769,"https://africanstorybook.org/illustrations/covers/39769.png"
16e49fca-a671-4ade-a506-5bdec2c3533e,39802,"https://africanstorybook.org/illustrations/covers/39802.png"
4b4bb9bc-7b9b-44fa-8db4-ffe4ee02c7a6,39811,"https://africanstorybook.org/illustrations/covers/39811.png"
2b63d884-9c9b-477d-ae1f-6635488746ce,39814,"https://africanstorybook.org/illustrations/covers/39814.png"
ade87c6a-f1c3-4d03-ad6a-b36943242116,39817,"https://africanstorybook.org/illustrations/covers/39817.png"
c4db585b-24d9-4144-8f8d-54acbf20feb7,34395,"https://africanstorybook.org/illustrations/covers/34395.png"
4738c533-037a-4ef3-9795-fee5c4e4e1d6,38108,"https://africanstorybook.org/illustrations/covers/38108.png"
e9c1167d-c129-4793-bcf2-8813acf4d6b1,39818,"https://africanstorybook.org/illustrations/covers/39818.png"
b39f3b63-a97c-4a4a-b9d8-d0c953a9b60b,39819,"https://africanstorybook.org/illustrations/covers/39819.png"
4fd3f791-cac4-4ba9-aee8-b432761540f9,39820,"https://africanstorybook.org/illustrations/covers/39820.png"
e95a16e0-0c14-4697-88e8-df1721379839,34023,"https://africanstorybook.org/illustrations/covers/34023.png"
d3ae1d3b-84f4-440a-b274-b75f8d79a09b,39883,"https://africanstorybook.org/illustrations/covers/39883.png"
3c37c612-30a8-46ec-a07c-2d3e7cf2583c,34037,"https://africanstorybook.org/illustrations/covers/34037.png"
fea7cb93-259c-4f3c-bbf2-98f289f373ca,34098,"https://africanstorybook.org/illustrations/covers/34098.png"
86eb3267-2f0a-46ed-b94a-4090d0762e00,39886,"https://africanstorybook.org/illustrations/covers/39886.png"
05fb20d2-569b-40d9-b4a5-8af2b0b3c166,39887,"https://africanstorybook.org/illustrations/covers/39887.png"
69ffcf3e-33d4-4c70-b724-233507beeb94,39991,"https://africanstorybook.org/illustrations/covers/39991.png"
164cf530-41cd-4623-906c-fcd13317e32a,40008,"https://africanstorybook.org/illustrations/covers/40008.png"
67b70342-fbf4-4807-9331-ebe2dbfb7d0c,40018,"https://africanstorybook.org/illustrations/covers/40018.png"
838b01b3-ea1a-48f1-b0fe-92ff0ce505ac,34119,"https://africanstorybook.org/illustrations/covers/34119.png"
cae3393e-0a82-4261-a990-45c42c4dd219,34122,"https://africanstorybook.org/illustrations/covers/34122.png"
e7623b5d-176e-4f66-ac4a-52440bbcae1d,34126,"https://africanstorybook.org/illustrations/covers/34126.png"
cb4159f9-0dba-46ae-9e7f-acb547e43d80,34130,"https://africanstorybook.org/illustrations/covers/34130.png"
76fd5186-d81f-45e8-93d7-11a765dc76bc,40019,"https://africanstorybook.org/illustrations/covers/40019.png"
3c91fa6c-6dde-4270-ab2c-c8e865b64113,40052,"https://africanstorybook.org/illustrations/covers/40052.png"
ae62f7ad-6616-45c6-a75c-2c2d740aa5e2,40053,"https://africanstorybook.org/illustrations/covers/40053.png"
bbee7b18-0ec6-4bd3-b058-9a518d4253d9,34210,"https://africanstorybook.org/illustrations/covers/34210.png"
3e786bc9-69db-4a8f-a85b-1261758ddbe6,34222,"https://africanstorybook.org/illustrations/covers/34222.png"
9dc55e08-9e1b-4056-9112-1ff64da6d0d7,34232,"https://africanstorybook.org/illustrations/covers/34232.png"
51d40f63-3625-41a6-a904-9e0c1a37c8d3,40054,"https://africanstorybook.org/illustrations/covers/40054.png"
8c583d8b-bce4-4b60-8c85-102fa8013929,34264,"https://africanstorybook.org/illustrations/covers/34264.png"
cbde60a1-f6a9-4471-bf32-92289fdcd9bf,34265,"https://africanstorybook.org/illustrations/covers/34265.png"
b69ad07f-aee9-4add-8a6f-0bc4e4a022ea,34267,"https://africanstorybook.org/illustrations/covers/34267.png"
41cbc7a6-befd-48a6-b0b2-89aba94692cd,34276,"https://africanstorybook.org/illustrations/covers/34276.png"
be828b22-b97e-4ec3-af33-fa1fac3c91c4,34279,"https://africanstorybook.org/illustrations/covers/34279.png"
6a3cd997-9881-43c9-b2a3-d89f7d5649c6,34316,"https://africanstorybook.org/illustrations/covers/34316.png"
95607643-ee6f-4f9a-9d30-bb643f690fc0,34319,"https://africanstorybook.org/illustrations/covers/34319.png"
7b741024-0b0e-49d2-b9ef-fcc836585697,40063,"https://africanstorybook.org/illustrations/covers/40063.png"
a54f5762-07a2-4969-b742-f8f9178528fb,34351,"https://africanstorybook.org/illustrations/covers/34351.png"
5cbc7832-7d72-4bbe-9901-b170fa066177,35421,"https://africanstorybook.org/illustrations/covers/35421.png"
12a1d28a-4c64-4713-b9aa-bff564af633b,35425,"https://africanstorybook.org/illustrations/covers/35425.png"
6a98cc19-3969-4189-85ba-814456325183,40065,"https://africanstorybook.org/illustrations/covers/40065.png"
b36b8e92-29ed-412a-9cd2-babc65a078a9,34418,"https://africanstorybook.org/illustrations/covers/34418.png"
d8eb5029-1934-472f-b270-67c71dbcab36,34427,"https://africanstorybook.org/illustrations/covers/34427.png"
d5642318-7f74-496f-8dea-8dddcab1a96b,34442,"https://africanstorybook.org/illustrations/covers/34442.png"
dbdb789d-3934-41ea-a22f-cb769f177013,34446,"https://africanstorybook.org/illustrations/covers/34446.png"
bc7f584e-b5b1-456a-ae9f-ad364e4abc6c,34448,"https://africanstorybook.org/illustrations/covers/34448.png"
325ce9e9-362e-4bb8-b9b1-59d4f674bf41,34449,"https://africanstorybook.org/illustrations/covers/34449.png"
b22bfe12-0e1c-4fee-909b-4e79adbb2a44,34480,"https://africanstorybook.org/illustrations/covers/34480.png"
50af102b-b946-493f-8f13-792f35b14177,34481,"https://africanstorybook.org/illustrations/covers/34481.png"
0160f88f-b1d3-49b7-8d88-f6bdb6b2329b,34531,"https://africanstorybook.org/illustrations/covers/34531.png"
a19098c3-39eb-4fa7-aa51-bf3a79b9bfbc,34537,"https://africanstorybook.org/illustrations/covers/34537.png"
e6bf8f6c-78da-412c-a5d9-6593ba2a03ac,34553,"https://africanstorybook.org/illustrations/covers/34553.png"
629a909f-64bf-4f80-91a7-b49bc2e760b5,40066,"https://africanstorybook.org/illustrations/covers/40066.png"
1790d838-18a1-464e-966f-05d51b692d13,40067,"https://africanstorybook.org/illustrations/covers/40067.png"
6c4c9640-f308-4221-b1c2-7ab8f97eeab4,34665,"https://africanstorybook.org/illustrations/covers/34665.png"
4d4f6f58-13fa-40a8-bd91-5cb7bc980346,34667,"https://africanstorybook.org/illustrations/covers/34667.png"
16611a69-24b2-4d40-bf0f-c770808ddcea,34668,"https://africanstorybook.org/illustrations/covers/34668.png"
a61a951e-994a-42b7-9f9e-75a7ce66bde3,34670,"https://africanstorybook.org/illustrations/covers/34670.png"
6b93a0e5-8b73-4552-8f0b-0d62fdfc5210,34766,"https://africanstorybook.org/illustrations/covers/34766.png"
15682a3e-c1b1-4751-85d3-240457def97b,34802,"https://africanstorybook.org/illustrations/covers/34802.png"
aa483802-f102-4830-8b77-100b49ad425c,34973,"https://africanstorybook.org/illustrations/covers/34973.png"
a10b5d0d-f687-466e-8318-504a921178d1,35079,"https://africanstorybook.org/illustrations/covers/35079.png"
b841711f-ab3f-4e16-9638-201e9e75ed30,35139,"https://africanstorybook.org/illustrations/covers/35139.png"
d9117dc5-3fa7-4e88-94dc-0e4d13cc2d8e,35155,"https://africanstorybook.org/illustrations/covers/35155.png"
5ef608cf-56ad-4710-9781-ca5d5d83915e,35324,"https://africanstorybook.org/illustrations/covers/35324.png"
c6a40e64-4748-4e2d-ac19-3144136551f7,35344,"https://africanstorybook.org/illustrations/covers/35344.png"
38f46139-d137-4bbe-b3ad-8e7d6ab2fd09,40068,"https://africanstorybook.org/illustrations/covers/40068.png"
d75093ed-226a-4ff9-82e0-fdd4d0af69ae,40071,"https://africanstorybook.org/illustrations/covers/40071.png"
8d41c4c2-ac6b-412e-9517-d97e39cb3e62,40073,"https://africanstorybook.org/illustrations/covers/40073.png"
0dbf9e8d-7261-4356-b272-a693a33df3e5,35350,"https://africanstorybook.org/illustrations/covers/35350.png"
4f477164-d6d1-48c3-8375-641e725dc062,35353,"https://africanstorybook.org/illustrations/covers/35353.png"
121be3d1-a77d-4130-81d6-bfea5626303d,35359,"https://africanstorybook.org/illustrations/covers/35359.png"
810cfc28-0904-4dab-9a07-f6153bc10b87,35373,"https://africanstorybook.org/illustrations/covers/35373.png"
b77cf8ba-1669-4f48-81c4-f921ad713c0c,35376,"https://africanstorybook.org/illustrations/covers/35376.png"
7ca32e75-1503-4756-9cfc-7ecd12b7c797,35428,"https://africanstorybook.org/illustrations/covers/35428.png"
41420181-5b03-416c-85ca-7b0d218c01ab,35695,"https://africanstorybook.org/illustrations/covers/35695.png"
1e50c3f7-acdf-4a13-a0a1-e7083e18e02a,35429,"https://africanstorybook.org/illustrations/covers/35429.png"
53e10dda-3748-4f4f-9fba-81243f755843,35430,"https://africanstorybook.org/illustrations/covers/35430.png"
2079d157-4e49-4ca2-a687-a2ef378e79d4,35431,"https://africanstorybook.org/illustrations/covers/35431.png"
cabf6a87-158b-4fc7-a179-656adff367bd,35577,"https://africanstorybook.org/illustrations/covers/35577.png"
e15c2160-6c9b-4dea-9825-36da9a82ee52,40074,"https://africanstorybook.org/illustrations/covers/40074.png"
14715096-0d1c-4e32-bf0c-1189781e7223,40075,"https://africanstorybook.org/illustrations/covers/40075.png"
d3cd2894-0eb7-4a23-b1e2-de826fa7e76b,35553,"https://africanstorybook.org/illustrations/covers/35553.png"
b9583784-edd9-42d8-8bcd-7281fa87634f,40081,"https://africanstorybook.org/illustrations/covers/40081.png"
3157dbd6-8712-47c1-800f-5978318f0e6d,40082,"https://africanstorybook.org/illustrations/covers/40082.png"
b7255854-29ba-43ee-85ed-d23135397408,40089,"https://africanstorybook.org/illustrations/covers/40089.png"
b11e62d2-5d72-4b72-b582-83c21b4d8c59,40090,"https://africanstorybook.org/illustrations/covers/40090.png"
d05af271-37dd-4089-9cf6-89b37f2b0b57,40091,"https://africanstorybook.org/illustrations/covers/40091.png"
b6084c02-d212-4a77-8bfb-ac7deb8df4ce,40093,"https://africanstorybook.org/illustrations/covers/40093.png"
c028d434-76f6-4b23-b99d-4e10476ff4fa,40123,"https://africanstorybook.org/illustrations/covers/40123.png"
3683e921-762d-46b6-867d-701b1e08388c,40124,"https://africanstorybook.org/illustrations/covers/40124.png"
1afec06b-92be-4309-9580-956dd445bbfb,35578,"https://africanstorybook.org/illustrations/covers/35578.png"
03db9ea8-22ba-498a-91fb-b597763dc157,40125,"https://africanstorybook.org/illustrations/covers/40125.png"
614cc0ec-5713-4524-b0a8-51f93b018103,40139,"https://africanstorybook.org/illustrations/covers/40139.png"
c7a582cc-223a-43c7-b3bb-9e22a692decd,40152,"https://africanstorybook.org/illustrations/covers/40152.png"
8d78ccfe-01cc-4700-8d0f-6f7105c853e9,40154,"https://africanstorybook.org/illustrations/covers/40154.png"
cfd302d1-428a-47e5-b5c2-7585124264e1,40157,"https://africanstorybook.org/illustrations/covers/40157.png"
27631a1a-714c-4d0f-add4-e62e3b27fd6e,40169,"https://africanstorybook.org/illustrations/covers/40169.png"
caf03ecb-b0cb-4eb5-8996-1139135649a5,40226,"https://africanstorybook.org/illustrations/covers/40226.png"
48673c30-1449-4f8a-87c2-f89a93aa898d,40250,"https://africanstorybook.org/illustrations/covers/40250.png"
ce6e41fb-0486-40a2-80e3-47fa7f01bbde,35624,"https://africanstorybook.org/illustrations/covers/35624.png"
fe45568e-8d0f-4454-a7de-905670eb9c4e,35630,"https://africanstorybook.org/illustrations/covers/35630.png"
7cc14006-e366-4e7e-816a-201dda2f76a1,40252,"https://africanstorybook.org/illustrations/covers/40252.png"
cac95814-2bab-4e14-8285-4488958553f6,40332,"https://africanstorybook.org/illustrations/covers/40332.png"
34dfe6e8-828c-4193-9861-3e0c99f5b60c,40449,"https://africanstorybook.org/illustrations/covers/40449.png"
ea525a7e-4f70-44ec-a759-cc3e39ac271b,40539,"https://africanstorybook.org/illustrations/covers/40539.png"
593c518a-0697-4b6a-b4b1-cd028fd26daf,40567,"https://africanstorybook.org/illustrations/covers/40567.png"
d52bc41d-5f74-4365-aa2c-4436b0e31db0,40572,"https://africanstorybook.org/illustrations/covers/40572.png"
dd7db4cd-f409-4588-9807-dc7262752c37,40576,"https://africanstorybook.org/illustrations/covers/40576.png"
c562aad9-4f53-4e20-92b9-7fad41651193,40773,"https://africanstorybook.org/illustrations/covers/40773.png"
51fb0e97-f3bf-44fa-a554-8622c10f1c4f,35647,"https://africanstorybook.org/illustrations/covers/35647.png"
a2ba5f65-5658-4cb5-a09a-2991430f9f50,35680,"https://africanstorybook.org/illustrations/covers/35680.png"
894367c8-3174-49dd-a09f-f22dfd0f18e2,35687,"https://africanstorybook.org/illustrations/covers/35687.png"
c42cbc81-bcd8-49dc-a626-7545d8507546,40804,"https://africanstorybook.org/illustrations/covers/40804.png"
341ee756-3fbf-402f-83d7-1b968c8f4440,35744,"https://africanstorybook.org/illustrations/covers/35744.png"
3e24b9c8-f200-4687-9caf-84d54b7db530,35748,"https://africanstorybook.org/illustrations/covers/35748.png"
ed3915d7-3558-4cee-842d-f3e0126ce5bb,35759,"https://africanstorybook.org/illustrations/covers/35759.png"
abf90232-722e-4f89-a415-8d08501bbdfa,35815,"https://africanstorybook.org/illustrations/covers/35815.png"
d2b609a0-8051-471e-8b2d-db06ade5868e,35838,"https://africanstorybook.org/illustrations/covers/35838.png"
00c6d382-af00-4f42-a564-c8aaea233c38,35846,"https://africanstorybook.org/illustrations/covers/35846.png"
888ee39e-a40e-4a0a-851f-ffbb3d3ac25f,35862,"https://africanstorybook.org/illustrations/covers/35862.png"
18428d04-deb4-4d52-95c6-c7e617ce6b4b,35871,"https://africanstorybook.org/illustrations/covers/35871.png"
a7cfb799-f1a7-44af-811a-ab414feee4f8,35878,"https://africanstorybook.org/illustrations/covers/35878.png"
c35dbc0c-abf0-4015-a0ce-eac79611d1ac,35896,"https://africanstorybook.org/illustrations/covers/35896.png"
91cb4a12-4607-445a-a766-a2686a5c8678,35925,"https://africanstorybook.org/illustrations/covers/35925.png"
85bc9156-7f09-4d6f-adcf-fbde96ab0d33,35938,"https://africanstorybook.org/illustrations/covers/35938.png"
858990ff-8c5c-444b-8430-647667924aa3,36050,"https://africanstorybook.org/illustrations/covers/36050.png"
f7c1539c-13b9-4dc6-9a19-b79c854a0515,36057,"https://africanstorybook.org/illustrations/covers/36057.png"
79afa07c-05b5-49b7-b7f9-fa4d80f3f353,36059,"https://africanstorybook.org/illustrations/covers/36059.png"
ec5ae352-a129-4c9a-9eff-eb6e2299ca61,36076,"https://africanstorybook.org/illustrations/covers/36076.png"
b8cba5b8-d481-4815-8eed-5f19dbec22e7,36089,"https://africanstorybook.org/illustrations/covers/36089.png"
940fd898-5aab-4d50-9506-13482e6fed17,36103,"https://africanstorybook.org/illustrations/covers/36103.png"
dd79343c-70a6-4fff-aca1-fd75d7d81477,36110,"https://africanstorybook.org/illustrations/covers/36110.png"
4ef998b5-1914-4cde-bfce-f300d11cd531,36112,"https://africanstorybook.org/illustrations/covers/36112.png"
59d80b03-945a-4aa7-8936-b852ee147902,36121,"https://africanstorybook.org/illustrations/covers/36121.png"
471de7a9-32bc-46a2-8104-24533aa73adf,36122,"https://africanstorybook.org/illustrations/covers/36122.png"
9be055d7-f510-41d3-9d1f-bcad6f278628,36125,"https://africanstorybook.org/illustrations/covers/36125.png"
f308dff5-1194-444b-8193-88bde3548a00,36145,"https://africanstorybook.org/illustrations/covers/36145.png"
ea4faf44-2053-40c1-aee0-d3b4572a2e47,36148,"https://africanstorybook.org/illustrations/covers/36148.png"
049dd9c1-91ac-4d5f-9639-cbf835f4d1a4,36173,"https://africanstorybook.org/illustrations/covers/36173.png"
792d3f17-9148-448c-ab4f-dbdb033f3a8f,36188,"https://africanstorybook.org/illustrations/covers/36188.png"
18648ee0-3336-4765-b3ec-e9bfa2ce2ddf,36279,"https://africanstorybook.org/illustrations/covers/36279.png"
96c2b103-67fc-4b66-925e-d4d682447cee,36412,"https://africanstorybook.org/illustrations/covers/36412.png"
318e5bf0-7556-496c-8b7c-76cffa94e6e0,36431,"https://africanstorybook.org/illustrations/covers/36431.png"
3320a810-86c0-4608-8c48-38254648bc67,36484,"https://africanstorybook.org/illustrations/covers/36484.png"
24a5c348-a761-40fc-9b87-e627d7ee33a3,36486,"https://africanstorybook.org/illustrations/covers/36486.png"
69456173-922b-4655-bc00-1ca2f4c39991,36561,"https://africanstorybook.org/illustrations/covers/36561.png"
c6b745ab-d6d5-4250-abb0-2379fbe1e40a,36601,"https://africanstorybook.org/illustrations/covers/36601.png"
f2ff404f-de90-4f75-b34c-5bf164e3bbbc,36623,"https://africanstorybook.org/illustrations/covers/36623.png"
842278c9-b202-4a8e-993c-f5031292a666,36624,"https://africanstorybook.org/illustrations/covers/36624.png"
c9fdcfc8-0d11-41c9-a46e-e7c022207af7,36638,"https://africanstorybook.org/illustrations/covers/36638.png"
e689c920-f483-4c13-92f3-26a10aa3ec8c,36650,"https://africanstorybook.org/illustrations/covers/36650.png"
bb65ef22-06c0-49cf-845a-86c4bfeba48c,36651,"https://africanstorybook.org/illustrations/covers/36651.png"
22f7d410-170a-4e92-8c1c-1a403fa57f50,36678,"https://africanstorybook.org/illustrations/covers/36678.png"
d774c875-f6f1-46dd-ad56-e6ac79804659,36684,"https://africanstorybook.org/illustrations/covers/36684.png"
ac18d0d8-dd79-43df-b0c6-bb31d62452a9,36697,"https://africanstorybook.org/illustrations/covers/36697.png"
d03d46bb-04f4-4d8c-bd6b-9ee56cada6a9,36698,"https://africanstorybook.org/illustrations/covers/36698.png"
492fa1fd-9d24-4fb1-bde9-4adbab82093f,36711,"https://africanstorybook.org/illustrations/covers/36711.png"
8235ace4-d1fc-4190-a3eb-2fccbc44880d,36713,"https://africanstorybook.org/illustrations/covers/36713.png"
dd9f499f-898c-4e9a-b80e-093f7b9182d5,36717,"https://africanstorybook.org/illustrations/covers/36717.png"
df1dd035-2e7a-4c2d-89b4-d281e11e9b4c,36749,"https://africanstorybook.org/illustrations/covers/36749.png"
0703122f-f0e0-4118-b0cf-a86f8a44deb0,36751,"https://africanstorybook.org/illustrations/covers/36751.png"
daa3faf8-be59-4666-8bce-624ed381e5ce,36777,"https://africanstorybook.org/illustrations/covers/36777.png"
bc84e8b9-0b4f-4f10-b4b3-d24f035b19c4,36781,"https://africanstorybook.org/illustrations/covers/36781.png"
936a9c71-b59d-4214-81bc-852533e973ec,36824,"https://africanstorybook.org/illustrations/covers/36824.png"
f7a5f12c-08dc-430d-a904-60f3cfc2faa2,36826,"https://africanstorybook.org/illustrations/covers/36826.png"
cd1b89a3-a737-4e7d-987d-3b09545c5df6,36827,"https://africanstorybook.org/illustrations/covers/36827.png"
fcaa0b16-8903-4341-b6d0-40135080bae9,36837,"https://africanstorybook.org/illustrations/covers/36837.png"
59fa1d16-ba61-48bb-90ce-191f9e039611,36842,"https://africanstorybook.org/illustrations/covers/36842.png"
e0339b20-63b0-4375-8578-6e436ca3e87e,36850,"https://africanstorybook.org/illustrations/covers/36850.png"
11573c9a-e0c0-4d8d-ab2e-639e39db4329,36856,"https://africanstorybook.org/illustrations/covers/36856.png"
03a0a7b3-ad47-43c1-9763-122424db1763,36858,"https://africanstorybook.org/illustrations/covers/36858.png"
31fe0ea5-32e3-4455-a557-f6750c870579,36875,"https://africanstorybook.org/illustrations/covers/36875.png"
14d550c4-d778-44e0-a1b9-3f19876a1260,36878,"https://africanstorybook.org/illustrations/covers/36878.png"
0e42bda1-755c-46b4-9644-1ac2bbdf5f47,36890,"https://africanstorybook.org/illustrations/covers/36890.png"
0567c538-a80e-40c6-95b7-d86262ae53a9,36900,"https://africanstorybook.org/illustrations/covers/36900.png"
b5ea9d18-e4e0-440a-b98b-03b52ac6edfc,36903,"https://africanstorybook.org/illustrations/covers/36903.png"
03de97a7-57d1-4d94-8155-e8c2654e8588,36908,"https://africanstorybook.org/illustrations/covers/36908.png"
45f33617-29a3-4d65-abbb-a8e4c14df13c,36909,"https://africanstorybook.org/illustrations/covers/36909.png"
93e7933b-99a4-456e-9520-3172ee62e6cc,36915,"https://africanstorybook.org/illustrations/covers/36915.png"
44b09489-a73d-49d7-811d-9a21ede1191a,36930,"https://africanstorybook.org/illustrations/covers/36930.png"
e0d22d17-cb9c-449d-8cb2-286eadb5d14e,36938,"https://africanstorybook.org/illustrations/covers/36938.png"
37d9d786-d8de-47b3-a60c-686ea1be2bf0,36940,"https://africanstorybook.org/illustrations/covers/36940.png"
87d81284-c729-4a0d-8c8d-1f7587c5b82f,36959,"https://africanstorybook.org/illustrations/covers/36959.png"
109a5bb4-cd8b-40ca-a60f-ae2e37772b7f,36975,"https://africanstorybook.org/illustrations/covers/36975.png"
0d81f66f-a4da-40b3-9bdb-9fdbb7b89714,36987,"https://africanstorybook.org/illustrations/covers/36987.png"
dc96b45d-ca90-47e7-b1d7-0e1bfbf69de8,37020,"https://africanstorybook.org/illustrations/covers/37020.png"
48231148-b37a-49cc-801d-073d1a622118,37064,"https://africanstorybook.org/illustrations/covers/37064.png"
caa04a7c-e166-41c4-bfb4-81c903b927f7,37065,"https://africanstorybook.org/illustrations/covers/37065.png"
b1ff17db-6d9a-488f-b92e-38c384b9d12d,37096,"https://africanstorybook.org/illustrations/covers/37096.png"
777c06df-767c-4dc3-878a-bb8bcc85a6ca,37122,"https://africanstorybook.org/illustrations/covers/37122.png"
613af118-3690-40be-addf-8abe30a3622b,37132,"https://africanstorybook.org/illustrations/covers/37132.png"
ececd645-09f6-4892-8cc1-57879fa8630c,37138,"https://africanstorybook.org/illustrations/covers/37138.png"
7d7705fe-3c32-43e8-86ee-958ff5a118ad,37172,"https://africanstorybook.org/illustrations/covers/37172.png"
deca0a01-1d4d-4fc0-9c33-486cecf09c19,37186,"https://africanstorybook.org/illustrations/covers/37186.png"
c6f80b56-083c-4632-b308-8081021a1fff,37187,"https://africanstorybook.org/illustrations/covers/37187.png"
795fc12a-ea58-4c44-8baa-86304e77a985,37188,"https://africanstorybook.org/illustrations/covers/37188.png"
53fb07b0-8881-4336-bba1-b936d2c6b23c,37189,"https://africanstorybook.org/illustrations/covers/37189.png"
84015b60-f39e-4b1b-a8ca-daa91b899b5f,37300,"https://africanstorybook.org/illustrations/covers/37300.png"
adee427c-061a-451c-8bd7-384fdb31627d,37322,"https://africanstorybook.org/illustrations/covers/37322.png"
3748898f-73ee-4809-8771-6e88d703d3f6,37334,"https://africanstorybook.org/illustrations/covers/37334.png"
27fb1e39-5507-4307-96fd-5087d4d6c761,37425,"https://africanstorybook.org/illustrations/covers/37425.png"
3f72ff1a-b8e4-4b22-9678-ac3e061ee78a,37426,"https://africanstorybook.org/illustrations/covers/37426.png"
c7ba22aa-be46-42f3-91ef-b01d5e06676c,37478,"https://africanstorybook.org/illustrations/covers/37478.png"
389878e1-f1a2-4da2-85f7-e94ea8e72c0c,37890,"https://africanstorybook.org/illustrations/covers/37890.png"
a9e4d859-f64e-4d1d-b2a3-ee6ee905541d,37892,"https://africanstorybook.org/illustrations/covers/37892.png"
622bd356-9fb2-405a-a883-bacd39cea559,37694,"https://africanstorybook.org/illustrations/covers/37694.png"
b778b303-d4d1-4035-9fa3-a32ad98c8a5c,37740,"https://africanstorybook.org/illustrations/covers/37740.png"
fb755565-3634-431e-816d-242fb307a79b,37741,"https://africanstorybook.org/illustrations/covers/37741.png"
84033729-76ae-46fb-9262-4a5fca0cb5e2,37809,"https://africanstorybook.org/illustrations/covers/37809.png"
24d934ac-6f77-4103-8cdc-78f5efadc6ea,37815,"https://africanstorybook.org/illustrations/covers/37815.png"
5b7f297c-06a1-4e13-9978-83440262a1a5,37873,"https://africanstorybook.org/illustrations/covers/37873.png"
330c0591-fec9-4bc8-a4ee-2c297263d816,37912,"https://africanstorybook.org/illustrations/covers/37912.png"
4b6b7b16-dead-48f7-96e5-b64a0e0fcd77,37956,"https://africanstorybook.org/illustrations/covers/37956.png"
626bc26c-020b-479a-9ef2-dcb3c812856e,37959,"https://africanstorybook.org/illustrations/covers/37959.png"
041e6071-9ce2-4eba-af36-be13fad8e0f7,37961,"https://africanstorybook.org/illustrations/covers/37961.png"
84638948-1983-42e1-83c4-e288355e8fcd,37994,"https://africanstorybook.org/illustrations/covers/37994.png"
d5ccc451-f652-4c49-a12e-38aed1b85865,38073,"https://africanstorybook.org/illustrations/covers/38073.png"
ae1a3665-4eaa-4aa0-a741-84ca46c02f2b,38075,"https://africanstorybook.org/illustrations/covers/38075.png"
9b21e2c6-7011-44f5-8d66-1d8bbb194a83,38081,"https://africanstorybook.org/illustrations/covers/38081.png"
b4792401-94b2-4bb8-b8ee-ffe1b2ae2505,38115,"https://africanstorybook.org/illustrations/covers/38115.png"
59ec4f91-0b6c-4633-8e44-eeb354f7a129,38167,"https://africanstorybook.org/illustrations/covers/38167.png"
a7c3906c-74e7-41f5-8d84-661f885c541e,38209,"https://africanstorybook.org/illustrations/covers/38209.png"
d7533773-6be6-4935-8d8e-47347c025c18,38215,"https://africanstorybook.org/illustrations/covers/38215.png"
61aae40d-4073-4e1c-8d57-b8e1ea72c106,38229,"https://africanstorybook.org/illustrations/covers/38229.png"
57da726f-c76d-438e-a914-dc2d1d176db8,38301,"https://africanstorybook.org/illustrations/covers/38301.png"
41765cf9-c825-4d45-ada4-f70bec67cb7f,38352,"https://africanstorybook.org/illustrations/covers/38352.png"
b3fb0752-7e14-4147-a362-5aae1a2ac66f,38562,"https://africanstorybook.org/illustrations/covers/38562.png"
56e8dd1e-3bc9-450e-8182-ab6a310b9bcc,38563,"https://africanstorybook.org/illustrations/covers/38563.png"
8d5aff83-94df-4fff-a4d4-bd927adc31e7,38564,"https://africanstorybook.org/illustrations/covers/38564.png"
6e02f423-7ce3-4507-a96d-d44d000056f0,38612,"https://africanstorybook.org/illustrations/covers/38612.png"
4903a1dc-45eb-4c62-b82c-037e56f1f78c,38736,"https://africanstorybook.org/illustrations/covers/38736.png"
aee9b189-23ac-4008-a12d-c89f91204729,38806,"https://africanstorybook.org/illustrations/covers/38806.png"
57242c43-8a0e-40f0-9ecd-d34d5cea4900,38822,"https://africanstorybook.org/illustrations/covers/38822.png"
ee41cc35-f99b-485c-b52b-d80bdf79b426,38823,"https://africanstorybook.org/illustrations/covers/38823.png"
dac99eaf-b97d-480d-801e-8a9d2676b1d4,38824,"https://africanstorybook.org/illustrations/covers/38824.png"
706ce05e-a45f-44c3-ab03-0d63bc3e5e8e,38849,"https://africanstorybook.org/illustrations/covers/38849.png"
271883a6-8b43-49d0-b84f-45b1838b5dfa,38850,"https://africanstorybook.org/illustrations/covers/38850.png"
0275f3ac-ab9d-40c9-925b-93eb49bdd023,38851,"https://africanstorybook.org/illustrations/covers/38851.png"
37fae540-c55a-4979-bbe4-a0df789dab7d,38866,"https://africanstorybook.org/illustrations/covers/38866.png"
0d15c0e6-dba3-47a3-9f72-a92891cfa02b,39150,"https://africanstorybook.org/illustrations/covers/39150.png"
b490fa0d-f47b-4a5c-999f-0a0e9fcc2157,38919,"https://africanstorybook.org/illustrations/covers/38919.png"
461ecd39-cfe1-40d2-8c05-06b2d9296aa3,38928,"https://africanstorybook.org/illustrations/covers/38928.png"
7879dcc0-e6fa-4926-b463-ada9f689006a,38939,"https://africanstorybook.org/illustrations/covers/38939.png"
5d658ebd-1f99-4def-82af-0a6228ede9e0,38977,"https://africanstorybook.org/illustrations/covers/38977.png"
2a6e3719-059d-4eb4-b92d-ceb48c30c6cd,38993,"https://africanstorybook.org/illustrations/covers/38993.png"
10688a17-ee0b-4ce0-9d04-aa5868805eb8,39067,"https://africanstorybook.org/illustrations/covers/39067.png"
9628becf-84c6-4758-9297-c13ffc2fd980,39122,"https://africanstorybook.org/illustrations/covers/39122.png"
1e07d31e-cf26-4296-a485-f253b5cacb4f,39124,"https://africanstorybook.org/illustrations/covers/39124.png"
246a86e1-fa3f-43c2-826e-b63f666a151c,39138,"https://africanstorybook.org/illustrations/covers/39138.png"
fd9ac4ea-174f-4ccf-a6f6-b346a4bb75e5,39147,"https://africanstorybook.org/illustrations/covers/39147.png"
2358cb25-c99a-4f4f-b74e-64dd8bbf871f,39148,"https://africanstorybook.org/illustrations/covers/39148.png"
c15a7948-ff34-47ca-bfad-0270095a2daf,39558,"https://africanstorybook.org/illustrations/covers/39558.png"
1aa89b47-1269-4741-8f5b-477474bccbc5,39561,"https://africanstorybook.org/illustrations/covers/39561.png"
68f5fca9-fcac-46b6-bd41-d7f555389fa7,39194,"https://africanstorybook.org/illustrations/covers/39194.png"
ddf06222-f1fa-4aa1-8b0e-06559488cbc8,39267,"https://africanstorybook.org/illustrations/covers/39267.png"
a49eb77e-71ab-4221-b2ad-70464d5496ce,39281,"https://africanstorybook.org/illustrations/covers/39281.png"
95f3ae8f-d679-4885-b0d8-6330a8ea1e18,39312,"https://africanstorybook.org/illustrations/covers/39312.png"
6f252ce2-9e72-42b9-b293-05f794384625,39320,"https://africanstorybook.org/illustrations/covers/39320.png"
5e8d3da8-e27c-4f6f-ac79-0f99d86401ea,39380,"https://africanstorybook.org/illustrations/covers/39380.png"
ef436a66-61f7-472c-b108-00586b3386bf,39383,"https://africanstorybook.org/illustrations/covers/39383.png"
8d2aba4f-8173-4eef-a28b-60f5383df0e7,39408,"https://africanstorybook.org/illustrations/covers/39408.png"
ea378ab6-6ebe-4764-a00d-285b8f490617,39470,"https://africanstorybook.org/illustrations/covers/39470.png"
1fd98025-d8e2-4cc6-b29d-fd431f997f16,39473,"https://africanstorybook.org/illustrations/covers/39473.png"
ab9c4861-5efc-4754-86ec-3e01167b9a5b,39476,"https://africanstorybook.org/illustrations/covers/39476.png"
30b34885-751a-4aaf-a59c-68e4258352ea,39485,"https://africanstorybook.org/illustrations/covers/39485.png"
58d5f9b6-8da5-435a-8654-4038adbc9390,39504,"https://africanstorybook.org/illustrations/covers/39504.png"
954656f7-fab0-4d90-947b-43dd09e5fed2,39506,"https://africanstorybook.org/illustrations/covers/39506.png"
3554c997-87d2-4514-89d3-9bb08ce4effa,39508,"https://africanstorybook.org/illustrations/covers/39508.png"
dec07ec6-e2f7-41a9-9d77-dd0346a4fc57,39512,"https://africanstorybook.org/illustrations/covers/39512.png"
71221df6-4bc6-45ee-80d1-cab0749bd46d,39526,"https://africanstorybook.org/illustrations/covers/39526.png"
a72d7ec7-7131-4494-8a37-893339451cf9,39539,"https://africanstorybook.org/illustrations/covers/39539.png"
acce6bba-5cf7-4eab-8fc7-a13d2c7c6928,39909,"https://africanstorybook.org/illustrations/covers/39909.png"
264259c3-33f6-4818-935d-cbd749c11f12,39927,"https://africanstorybook.org/illustrations/covers/39927.png"
a4553bfd-a21c-4970-adf2-501f09a645ec,39928,"https://africanstorybook.org/illustrations/covers/39928.png"
34656477-a06c-4961-b24a-fa36ca3bf6bd,39934,"https://africanstorybook.org/illustrations/covers/39934.png"
0187fcf6-0739-40c4-91b7-4bb1adbcf74a,39582,"https://africanstorybook.org/illustrations/covers/39582.png"
46b27af5-2677-4936-b20c-97c2e4ca88df,39585,"https://africanstorybook.org/illustrations/covers/39585.png"
30a2af60-9b53-40d8-ba38-b6e43e847aa3,39606,"https://africanstorybook.org/illustrations/covers/39606.png"
7b799182-86ae-44c0-bb2e-824d1722be12,39643,"https://africanstorybook.org/illustrations/covers/39643.png"
909e85cb-7ceb-4ee8-8130-39b4559c30f2,39644,"https://africanstorybook.org/illustrations/covers/39644.png"
eba0f803-053c-447d-b2da-8d7e70c7eb74,39647,"https://africanstorybook.org/illustrations/covers/39647.png"
2db2b087-b325-4436-9598-d003892b3f83,39658,"https://africanstorybook.org/illustrations/covers/39658.png"
91dd0ff1-81d1-4909-8e79-ff627f8cca64,39659,"https://africanstorybook.org/illustrations/covers/39659.png"
90816690-0947-458a-ae9f-47b5071631c8,39660,"https://africanstorybook.org/illustrations/covers/39660.png"
3574877f-8920-4126-873f-4a630a48f629,39682,"https://africanstorybook.org/illustrations/covers/39682.png"
d49e2072-bea9-4a42-b71b-ff0caee183cb,39710,"https://africanstorybook.org/illustrations/covers/39710.png"
0155090b-40c0-49fa-9d55-e839f3e2fb14,39712,"https://africanstorybook.org/illustrations/covers/39712.png"
ed3ba87b-f7bd-4a93-9eb3-4a9f496c5935,39715,"https://africanstorybook.org/illustrations/covers/39715.png"
03250e07-4e80-4009-b1c8-8633c03bd1e7,39740,"https://africanstorybook.org/illustrations/covers/39740.png"
ed313baa-d56b-4ca4-a7b7-0c4868b662b3,39742,"https://africanstorybook.org/illustrations/covers/39742.png"
e66aa779-0da4-40b2-808b-58a2fe998e1a,39744,"https://africanstorybook.org/illustrations/covers/39744.png"
35446ebd-06eb-4892-ad49-42629b2f3a7e,39808,"https://africanstorybook.org/illustrations/covers/39808.png"
da77602e-2cd2-4917-95b8-5606f831a75a,39836,"https://africanstorybook.org/illustrations/covers/39836.png"
c4f78ddf-436a-4610-9248-47c06751be43,39839,"https://africanstorybook.org/illustrations/covers/39839.png"
5333d89d-3224-4e70-8986-2123ef06e239,39850,"https://africanstorybook.org/illustrations/covers/39850.png"
efa92056-7c0f-46f0-8262-282458112efb,39860,"https://africanstorybook.org/illustrations/covers/39860.png"
6eedee52-ec9e-48a4-b88c-9c13975059a8,39877,"https://africanstorybook.org/illustrations/covers/39877.png"
86004d77-e500-4cf7-99fd-3e01d987c476,39878,"https://africanstorybook.org/illustrations/covers/39878.png"
06653aac-4ce6-4137-b184-ee76190457f2,39882,"https://africanstorybook.org/illustrations/covers/39882.png"
ec262b29-01d3-4a37-915e-88185c56fb68,39884,"https://africanstorybook.org/illustrations/covers/39884.png"
80ed3101-bc59-4398-9e5b-dcca98e7e9c9,40159,"https://africanstorybook.org/illustrations/covers/40159.png"
431a9805-51e8-4160-ab1f-0fedf937698b,40164,"https://africanstorybook.org/illustrations/covers/40164.png"
58bdff6a-576c-4a5c-bd8b-1c028edc5814,40165,"https://africanstorybook.org/illustrations/covers/40165.png"
15781b61-6c0b-4802-83c5-11e9aadec91d,39947,"https://africanstorybook.org/illustrations/covers/39947.png"
3d994ab4-ac33-4e07-841b-ec2f756f7153,39957,"https://africanstorybook.org/illustrations/covers/39957.png"
5857280f-ddf8-40d6-ba1b-f04da8a0e291,39976,"https://africanstorybook.org/illustrations/covers/39976.png"
9a08e56c-e6bb-43ff-b749-b59e3d106c9f,40009,"https://africanstorybook.org/illustrations/covers/40009.png"
40514b21-c6fb-4294-98bf-ed8f5a9934ad,40020,"https://africanstorybook.org/illustrations/covers/40020.png"
9ebcd691-e40c-4a7f-be40-a0372e5541e7,40046,"https://africanstorybook.org/illustrations/covers/40046.png"
63c06248-712d-464f-aa4e-e21d536cc90d,40049,"https://africanstorybook.org/illustrations/covers/40049.png"
4188ca07-9ace-4e1b-a2f8-937fffb66e71,40056,"https://africanstorybook.org/illustrations/covers/40056.png"
6e103fc0-bdf8-4b1f-88be-49b4f73d5fa8,40057,"https://africanstorybook.org/illustrations/covers/40057.png"
a778bf0c-450e-4e97-b58e-edd52cb03537,40058,"https://africanstorybook.org/illustrations/covers/40058.png"
246a5578-e51c-44fe-a4f2-c9b25e0501fe,40070,"https://africanstorybook.org/illustrations/covers/40070.png"
50d6d44b-32f0-4122-8d39-d34cf550e4bb,40083,"https://africanstorybook.org/illustrations/covers/40083.png"
0adba602-bfc0-4952-902b-30e01e4d7f8d,40084,"https://africanstorybook.org/illustrations/covers/40084.png"
4cb1d21b-cb32-44ae-8201-5bc492823b0c,40086,"https://africanstorybook.org/illustrations/covers/40086.png"
cef85202-889c-4fe3-b1a3-6075f4fdde40,40111,"https://africanstorybook.org/illustrations/covers/40111.png"
ce81faca-f086-49e3-b220-ab87994bef53,40115,"https://africanstorybook.org/illustrations/covers/40115.png"
91dab83c-4425-4fba-9cb5-9126ea04bd49,40120,"https://africanstorybook.org/illustrations/covers/40120.png"
012269a5-71df-46b0-8c55-d1fcac76810d,40127,"https://africanstorybook.org/illustrations/covers/40127.png"
c01d2759-dc0e-4d96-82fb-07629d2b5b6e,40179,"https://africanstorybook.org/illustrations/covers/40179.png"
b8c256d6-bf79-4fd4-ba9a-4ae31a892d9c,40191,"https://africanstorybook.org/illustrations/covers/40191.png"
88de9560-d7de-4ce8-95c0-da27ad0c74f5,40192,"https://africanstorybook.org/illustrations/covers/40192.png"
a1367336-f658-49df-ae27-12ecbe251493,40194,"https://africanstorybook.org/illustrations/covers/40194.png"
bafda551-bb92-4c12-841e-bb66166b3340,40212,"https://africanstorybook.org/illustrations/covers/40212.png"
95a902d4-14ac-4368-aefd-254e18e36735,40220,"https://africanstorybook.org/illustrations/covers/40220.png"
a0bb1f8a-896a-4937-8383-56f6ac5350fe,40225,"https://africanstorybook.org/illustrations/covers/40225.png"
820c5ea6-f785-4283-acd5-6f02e1ddf11b,40267,"https://africanstorybook.org/illustrations/covers/40267.png"
a89cf71f-9309-402c-b4e8-a80dde24fbb8,40271,"https://africanstorybook.org/illustrations/covers/40271.png"
43713137-73b7-433f-83af-e4ce28e4b3c6,40272,"https://africanstorybook.org/illustrations/covers/40272.png"
2f9efc60-bb9b-49dc-a63b-e4856c493509,40274,"https://africanstorybook.org/illustrations/covers/40274.png"
2f6882bd-b02e-4bd0-8329-10a62da541aa,40311,"https://africanstorybook.org/illustrations/covers/40311.png"
25590abd-3c0a-4307-b3dc-1ed982856fe8,40312,"https://africanstorybook.org/illustrations/covers/40312.png"
fc3c0c2b-b529-4dbb-a1de-d868f0f8674e,40426,"https://africanstorybook.org/illustrations/covers/40426.png"
f31c40b1-ae6b-4d10-8147-e5348d843f03,40634,"https://africanstorybook.org/illustrations/covers/40634.png"
af116893-e03f-40b5-a12a-ba38fe32e7b6,40727,"https://africanstorybook.org/illustrations/covers/40727.png"
d2e80bda-a6fe-4cd9-a55c-58bf814170f0,40758,"https://africanstorybook.org/illustrations/covers/40758.png"
f4e6302b-8d3d-45a7-89b5-d4765560758e,40811,"https://africanstorybook.org/illustrations/covers/40811.png"
4976d641-81a2-467a-8adf-5220a2af3f86,36559,"https://africanstorybook.org/illustrations/covers/36559.png"
333e26a2-4db4-4c25-b0d7-283565620026,38751,"https://africanstorybook.org/illustrations/covers/38751.png"
03adf038-039b-4b8d-9c67-79b271d200aa,11932,"https://africanstorybook.org/illustrations/covers/11932.png"
